{
  "features": [
    {
      "geometry": {
        "coordinates": [
          [
            [
              10.000139799182243,
              53.54103973795504
            ],
            [
              10.000176808391625,
              53.541036283562924
            ],
            [
              10.000269373219577,
              53.54102462321742
            ],
            [
              10.000375169765688,
              53.541008393860885
            ],
            [
              10.000409819047048,
              53.541001962934565
            ],
            [
              10.000423108930887,
              53.54099813958852
            ],
            [
              10.000124107772768,
              53.54100064063321
            ],
            [
              10.000118282026797,
              53.54104077327125
            ],
            [
              10.000139799182243,
              53.54103973795504
            ]
          ]
        ],
        "type": "Polygon"
      },
      "id": "109",
      "properties": {
        "cell_id": 0,
        "idiso": 5
      },
      "type": "Feature"
    },
    {
      "geometry": {
        "coordinates": [
          [
            [
              10.000036520003679,
              53.54106531744241
            ],
            [
              10.000039054640661,
              53.541065680434905
            ],
            [
              10.000044093988235,
              53.5410639115275
            ],
            [
              10.0000615769031,
              53.54105598555302
            ],
            [
              10.000086747046554,
              53.54105022487231
            ],
            [
              10.000092020807994,
              53.5410483974223
            ],
            [
              10.000095070742422,
              53.54104629799787
            ],
            [
              10.000101577175817,
              53.54100082906381
            ],
            [
              10.00003501317871,
              53.54100138573507
            ],
            [
              10.000036520003679,
              53.54106531744241
            ]
          ]
        ],
        "type": "Polygon"
      },
      "id": "110",
      "properties": {
        "cell_id": 0,
        "idiso": 5
      },
      "type": "Feature"
    },
    {
      "geometry": {
        "coordinates": [
          [
            [
              10.000095070742422,
              53.54104629799787
            ],
            [
              10.000092020807994,
              53.5410483974223
            ],
            [
              10.000086747046554,
              53.54105022487231
            ],
            [
              10.0000615769031,
              53.54105598555302
            ],
            [
              10.000044093988235,
              53.5410639115275
            ],
            [
              10.000039054640661,
              53.541065680434905
            ],
            [
              10.000036520003679,
              53.54106531744241
            ],
            [
              10.00003768064584,
              53.54111456110613
            ],
            [
              10.000086387188125,
              53.54110698116845
            ],
            [
              10.000095070742422,
              53.54104629799787
            ]
          ]
        ],
        "type": "Polygon"
      },
      "id": "148",
      "properties": {
        "cell_id": 0,
        "idiso": 6
      },
      "type": "Feature"
    },
    {
      "geometry": {
        "coordinates": [
          [
            [
              10.001103246570556,
              53.54164761475638
            ],
            [
              10.00109940360889,
              53.54164891968426
            ],
            [
              10.001092693189165,
              53.541652808031316
            ],
            [
              10.001067828262032,
              53.541670344566015
            ],
            [
              10.000994500868696,
              53.541728691677626
            ],
            [
              10.000923732126791,
              53.541789898853686
            ],
            [
              10.000898236013429,
              53.541813887013866
            ],
            [
              10.000880365032009,
              53.541832708699424
            ],
            [
              10.000836425627103,
              53.541884626711706
            ],
            [
              10.000777625500469,
              53.54195957163548
            ],
            [
              10.00058682755177,
              53.54221494252446
            ],
            [
              10.000556130550049,
              53.54225922469249
            ],
            [
              10.000540306401854,
              53.54227784811461
            ],
            [
              10.000496415591304,
              53.5423122481565
            ],
            [
              10.000413143463081,
              53.542373470879625
            ],
            [
              10.000087772309193,
              53.542605112327905
            ],
            [
              10.000075914144105,
              53.542645588279264
            ],
            [
              10.000074003615975,
              53.542655596374615
            ],
            [
              10.00007592484944,
              53.54273710248271
            ],
            [
              10.000080278903244,
              53.5427211380257
            ],
            [
              10.000429571614106,
              53.54247250144281
            ],
            [
              10.000522257161924,
              53.542404405754965
            ],
            [
              10.000570063572654,
              53.54236702479595
            ],
            [
              10.000586360739034,
              53.54234808587137
            ],
            [
              10.000623215316358,
              53.542295323661484
            ],
            [
              10.00093014612335,
              53.54189680638879
            ],
            [
              10.000947121609252,
              53.54188695780914
            ],
            [
              10.000954699405119,
              53.54188014737766
            ],
            [
              10.000943665035802,
              53.54187740965884
            ],
            [
              10.001103246570556,
              53.54164761475638
            ]
          ]
        ],
        "type": "Polygon"
      },
      "id": "56",
      "properties": {
        "cell_id": 0,
        "idiso": 3
      },
      "type": "Feature"
    },
    {
      "geometry": {
        "coordinates": [
          [
            [
              10.000947121609252,
              53.54188695780914
            ],
            [
              10.00093014612335,
              53.54189680638879
            ],
            [
              10.000623215316358,
              53.542295323661484
            ],
            [
              10.000586360739034,
              53.5423480858714
            ],
            [
              10.000570063572656,
              53.54236702479595
            ],
            [
              10.000522257161919,
              53.54240440575497
            ],
            [
              10.000429571614099,
              53.54247250144284
            ],
            [
              10.000080278903244,
              53.5427211380257
            ],
            [
              10.00007592484944,
              53.54273710248271
            ],
            [
              10.000076532398763,
              53.54276287697693
            ],
            [
              10.000077909272541,
              53.5427578285724
            ],
            [
              10.00042345779287,
              53.54251197897388
            ],
            [
              10.000510136115556,
              53.54244870293577
            ],
            [
              10.000572916102103,
              53.54240101549949
            ],
            [
              10.000579119088705,
              53.54239537911273
            ],
            [
              10.000588105562064,
              53.542384761115045
            ],
            [
              10.000625233233206,
              53.5423306839636
            ],
            [
              10.000634014967956,
              53.54232168606638
            ],
            [
              10.000654199627116,
              53.542306888421244
            ],
            [
              10.000681206467746,
              53.54228996608714
            ],
            [
              10.000704536887532,
              53.542276835741326
            ],
            [
              10.00072677004214,
              53.54226566667807
            ],
            [
              10.000746293677565,
              53.54225765311792
            ],
            [
              10.000785403057108,
              53.54224614102146
            ],
            [
              10.000821716053677,
              53.54223765900461
            ],
            [
              10.000837247310816,
              53.542235006758226
            ],
            [
              10.000848943364595,
              53.54223406639547
            ],
            [
              10.000855240433197,
              53.54223532744861
            ],
            [
              10.000855875665922,
              53.54223693648491
            ],
            [
              10.000999359576298,
              53.54203125506689
            ],
            [
              10.001106672639645,
              53.54205773550454
            ],
            [
              10.001104107247324,
              53.54205239099757
            ],
            [
              10.00110626710488,
              53.54204034972199
            ],
            [
              10.001112620492856,
              53.54202614470536
            ],
            [
              10.001124738487022,
              53.54200385358974
            ],
            [
              10.001137770660817,
              53.54199267451948
            ],
            [
              10.001176429377132,
              53.54195249415827
            ],
            [
              10.001188698186409,
              53.54194343027277
            ],
            [
              10.001196404600343,
              53.54194011610204
            ],
            [
              10.000954699405119,
              53.54188014737766
            ],
            [
              10.000947121609252,
              53.54188695780914
            ]
          ]
        ],
        "type": "Polygon"
      },
      "id": "26",
      "properties": {
        "cell_id": 0,
        "idiso": 2
      },
      "type": "Feature"
    },
    {
      "geometry": {
        "coordinates": [
          [
            [
              10.000174153292994,
              53.54285297484613
            ],
            [
              10.000279587359989,
              53.542699356783174
            ],
            [
              10.00032034571041,
              53.542637410735736
            ],
            [
              10.00033714974758,
              53.542609930301815
            ],
            [
              10.000348876588898,
              53.542588345720155
            ],
            [
              10.000354377255976,
              53.54257404397167
            ],
            [
              10.000354543980139,
              53.54257048780195
            ],
            [
              10.000352941339026,
              53.542568847419375
            ],
            [
              10.000346536383338,
              53.54257059779583
            ],
            [
              10.000332340383974,
              53.54257846890398
            ],
            [
              10.000287856400375,
              53.54260910838508
            ],
            [
              10.000236014557466,
              53.54264783980198
            ],
            [
              10.000076951865125,
              53.54276967840796
            ],
            [
              10.000082942399322,
              53.54300313239802
            ],
            [
              10.00008534187231,
              53.54300217953904
            ],
            [
              10.000088757701942,
              53.54299829589759
            ],
            [
              10.000097951105982,
              53.54298364173718
            ],
            [
              10.000141012814872,
              53.54290306729445
            ],
            [
              10.000174153292994,
              53.54285297484613
            ]
          ]
        ],
        "type": "Polygon"
      },
      "id": "6",
      "properties": {
        "cell_id": 0,
        "idiso": 0
      },
      "type": "Feature"
    },
    {
      "geometry": {
        "coordinates": [
          [
            [
              10.00051013611556,
              53.54244870293579
            ],
            [
              10.000428585053232,
              53.542508281258804
            ],
            [
              10.00007760332786,
              53.5427584060357
            ],
            [
              10.000076532398763,
              53.54276287697693
            ],
            [
              10.000076724522925,
              53.542771027587655
            ],
            [
              10.00007715992875,
              53.542769431141956
            ],
            [
              10.000287856400382,
              53.54260910838506
            ],
            [
              10.000316777371308,
              53.5425886478182
            ],
            [
              10.000335678805397,
              53.542576434949225
            ],
            [
              10.000348578954057,
              53.54256975576885
            ],
            [
              10.000351790991298,
              53.54256887206161
            ],
            [
              10.00035377516029,
              53.54256911227663
            ],
            [
              10.000354644501819,
              53.54257148951747
            ],
            [
              10.000354016188092,
              53.5425755886231
            ],
            [
              10.000348876588903,
              53.54258834572017
            ],
            [
              10.000323013588607,
              53.54263317655675
            ],
            [
              10.000279587359994,
              53.54269935678321
            ],
            [
              10.000149617933436,
              53.54288966147674
            ],
            [
              10.000134545783087,
              53.542914271282434
            ],
            [
              10.000095411234158,
              53.542988017272144
            ],
            [
              10.000086933481999,
              53.54300057429316
            ],
            [
              10.000084004351793,
              53.543003052089304
            ],
            [
              10.00008217749378,
              53.54300236091927
            ],
            [
              10.000087379806608,
              53.543223057492696
            ],
            [
              10.000281196464515,
              53.54327521484573
            ],
            [
              10.000239184865825,
              53.543330440157526
            ],
            [
              10.000243311153016,
              53.543330174443255
            ],
            [
              10.000255561340312,
              53.54333233987631
            ],
            [
              10.000269971099659,
              53.54333665392422
            ],
            [
              10.000287312161529,
              53.54334335475102
            ],
            [
              10.000299171299341,
              53.54335189530886
            ],
            [
              10.000305170115016,
              53.54335883697896
            ],
            [
              10.00030624783981,
              53.54336161205413
            ],
            [
              10.000339695638958,
              53.5433175668211
            ],
            [
              10.000339305623022,
              53.54331576918319
            ],
            [
              10.000305601722069,
              53.54328749238011
            ],
            [
              10.000298440056804,
              53.54328027637651
            ],
            [
              10.000294392573903,
              53.543273886717095
            ],
            [
              10.000283679209273,
              53.543230763183985
            ],
            [
              10.000262897382267,
              53.54311699847308
            ],
            [
              10.00025698556974,
              53.54309355986657
            ],
            [
              10.000250762377378,
              53.54307679541505
            ],
            [
              10.000237866484294,
              53.54305272043176
            ],
            [
              10.000196655325071,
              53.54298430710417
            ],
            [
              10.000201210039775,
              53.54298215460171
            ],
            [
              10.000177392188482,
              53.54297575278763
            ],
            [
              10.00057478670034,
              53.54240666382216
            ],
            [
              10.00071353885803,
              53.542440971427645
            ],
            [
              10.000855875665922,
              53.54223693648491
            ],
            [
              10.000855240433197,
              53.542235327448644
            ],
            [
              10.000852864508438,
              53.5422343911493
            ],
            [
              10.000843672474474,
              53.54223429199563
            ],
            [
              10.000821716053677,
              53.54223765900462
            ],
            [
              10.000785403057108,
              53.54224614102146
            ],
            [
              10.000752514641622,
              53.542255596200356
            ],
            [
              10.000736716333705,
              53.54226127888982
            ],
            [
              10.000721447414127,
              53.54226819435275
            ],
            [
              10.000681206467748,
              53.54228996608714
            ],
            [
              10.000649465157537,
              53.5423101101776
            ],
            [
              10.000631058012774,
              53.54232436455554
            ],
            [
              10.000616656486079,
              53.54234204190094
            ],
            [
              10.00058810556207,
              53.542384761115045
            ],
            [
              10.000579119088707,
              53.54239537911273
            ],
            [
              10.000572916102103,
              53.54240101549949
            ],
            [
              10.00051013611556,
              53.54244870293579
            ]
          ]
        ],
        "type": "Polygon"
      },
      "id": "14",
      "properties": {
        "cell_id": 0,
        "idiso": 1
      },
      "type": "Feature"
    },
    {
      "geometry": {
        "coordinates": [
          [
            [
              10.000414530452112,
              53.54325932033653
            ],
            [
              10.000279203953125,
              53.54302096497935
            ],
            [
              10.000299262184978,
              53.54301301895882
            ],
            [
              10.000303129790632,
              53.54301102080798
            ],
            [
              10.000303277032089,
              53.54300958831484
            ],
            [
              10.000201210039775,
              53.54298215460171
            ],
            [
              10.000196655325071,
              53.54298430710417
            ],
            [
              10.000242699097926,
              53.54306117993786
            ],
            [
              10.000250762377378,
              53.54307679541505
            ],
            [
              10.000255935009024,
              53.54309011905227
            ],
            [
              10.00026564811177,
              53.543130176456536
            ],
            [
              10.000285490873752,
              53.5432396101005
            ],
            [
              10.000294392573903,
              53.543273886717095
            ],
            [
              10.000301733798237,
              53.543283821313445
            ],
            [
              10.000337305020713,
              53.54331366255435
            ],
            [
              10.000339695638958,
              53.5433175668211
            ],
            [
              10.000379360146491,
              53.54326533507898
            ],
            [
              10.000423904586674,
              53.5432771676538
            ],
            [
              10.000404714764127,
              53.543267314219854
            ],
            [
              10.000413918632946,
              53.5432606375958
            ],
            [
              10.000414530452112,
              53.54325932033653
            ]
          ]
        ],
        "type": "Polygon"
      },
      "id": "29",
      "properties": {
        "cell_id": 0,
        "idiso": 2
      },
      "type": "Feature"
    },
    {
      "geometry": {
        "coordinates": [
          [
            [
              10.000614335515623,
              53.54310759923149
            ],
            [
              10.000624360753111,
              53.54310226757
            ],
            [
              10.000626998467768,
              53.54309996062617
            ],
            [
              10.000627657706538,
              53.54309796660498
            ],
            [
              10.000626042064535,
              53.54309634075487
            ],
            [
              10.000303277032089,
              53.54300958831484
            ],
            [
              10.000303129790632,
              53.54301102080798
            ],
            [
              10.000299262184978,
              53.54301301895882
            ],
            [
              10.000279365228405,
              53.54302055808004
            ],
            [
              10.000414530452112,
              53.54325932033653
            ],
            [
              10.000413918632946,
              53.5432606375958
            ],
            [
              10.000405606834217,
              53.5432661969618
            ],
            [
              10.000405192913009,
              53.54326790881331
            ],
            [
              10.000411618369359,
              53.54327042884471
            ],
            [
              10.000423904586674,
              53.5432771676538
            ],
            [
              10.000649285303318,
              53.54333703636645
            ],
            [
              10.000574834572635,
              53.54329620150375
            ],
            [
              10.000541680240014,
              53.54328368130927
            ],
            [
              10.00053381921058,
              53.54327928970857
            ],
            [
              10.000533000894729,
              53.54327732794453
            ],
            [
              10.000534290684021,
              53.54327492856933
            ],
            [
              10.000540356765601,
              53.543269052290945
            ],
            [
              10.000588183986928,
              53.5432373246465
            ],
            [
              10.000592549027688,
              53.54323019288542
            ],
            [
              10.000580738286558,
              53.543206982118605
            ],
            [
              10.000540246572152,
              53.54313688697827
            ],
            [
              10.000549538325268,
              53.543132495781116
            ],
            [
              10.000614335515623,
              53.54310759923149
            ]
          ]
        ],
        "type": "Polygon"
      },
      "id": "59",
      "properties": {
        "cell_id": 0,
        "idiso": 3
      },
      "type": "Feature"
    },
    {
      "geometry": {
        "coordinates": [
          [
            [
              10.000215369292935,
              53.54336174626199
            ],
            [
              10.000290779035684,
              53.54338198188309
            ],
            [
              10.00030624783981,
              53.54336161205413
            ],
            [
              10.000305170115018,
              53.54335883697896
            ],
            [
              10.000299171299341,
              53.54335189530886
            ],
            [
              10.000291046885277,
              53.543345476388666
            ],
            [
              10.00027679685133,
              53.543339073978906
            ],
            [
              10.000255561340312,
              53.54333233987631
            ],
            [
              10.000243311153016,
              53.543330174443255
            ],
            [
              10.000239184865825,
              53.543330440157526
            ],
            [
              10.000215369292935,
              53.54336174626199
            ]
          ]
        ],
        "type": "Polygon"
      },
      "id": "7",
      "properties": {
        "cell_id": 0,
        "idiso": 0
      },
      "type": "Feature"
    },
    {
      "geometry": {
        "coordinates": [
          [
            [
              10.001131321295366,
              53.54099221264554
            ],
            [
              10.000423108930887,
              53.54099813958852
            ],
            [
              10.00040981904705,
              53.541001962934594
            ],
            [
              10.000375169765688,
              53.54100839386089
            ],
            [
              10.00026937321958,
              53.541024623217446
            ],
            [
              10.000176808391627,
              53.54103628356293
            ],
            [
              10.000139799182245,
              53.541039737955046
            ],
            [
              10.000118282026797,
              53.54104077327125
            ],
            [
              10.000109161527384,
              53.54110360279531
            ],
            [
              10.001131321295366,
              53.54099221264554
            ]
          ]
        ],
        "type": "Polygon"
      },
      "id": "145",
      "properties": {
        "cell_id": 0,
        "idiso": 6
      },
      "type": "Feature"
    },
    {
      "geometry": {
        "coordinates": [
          [
            [
              10.001947576232997,
              53.540985376303
            ],
            [
              10.00121028601176,
              53.54099155153946
            ],
            [
              10.00121191479039,
              53.54099713498183
            ],
            [
              10.000038016370961,
              53.54112880520642
            ],
            [
              10.000048716683745,
              53.54158279024053
            ],
            [
              10.000052583774627,
              53.54155026017373
            ],
            [
              10.0000595263187,
              53.54151285450141
            ],
            [
              10.000070135167466,
              53.541467134403085
            ],
            [
              10.000083014941591,
              53.541418738029954
            ],
            [
              10.000103332649052,
              53.541349836995494
            ],
            [
              10.000128697545732,
              53.54127070997557
            ],
            [
              10.000154460756532,
              53.54119505930985
            ],
            [
              10.000157533615715,
              53.54119377170596
            ],
            [
              10.0001712907052,
              53.54119586000111
            ],
            [
              10.000182355313937,
              53.541199530366015
            ],
            [
              10.000185090716888,
              53.54119397190807
            ],
            [
              10.002009252787643,
              53.54100534683261
            ],
            [
              10.001945274178073,
              53.54098777808139
            ],
            [
              10.001947576232997,
              53.540985376303
            ]
          ]
        ],
        "type": "Polygon"
      },
      "id": "143",
      "properties": {
        "cell_id": 0,
        "idiso": 6
      },
      "type": "Feature"
    },
    {
      "geometry": {
        "coordinates": [
          [
            [
              10.001196404600343,
              53.54194011610204
            ],
            [
              10.001188698186409,
              53.54194343027277
            ],
            [
              10.001180579144496,
              53.54194903180298
            ],
            [
              10.001172253839739,
              53.54195629294993
            ],
            [
              10.001137770660815,
              53.54199267451948
            ],
            [
              10.001123312871648,
              53.54200580648895
            ],
            [
              10.001106267104879,
              53.54204034972199
            ],
            [
              10.00110410724732,
              53.54205239099756
            ],
            [
              10.001106672639645,
              53.54205773550454
            ],
            [
              10.0012161147643,
              53.542084741173
            ],
            [
              10.001233063600862,
              53.54202518743125
            ],
            [
              10.00124972505309,
              53.541979852919006
            ],
            [
              10.001254145916464,
              53.54197340905683
            ],
            [
              10.001261382590071,
              53.541966041819315
            ],
            [
              10.00126929628069,
              53.54196041184232
            ],
            [
              10.001272838635376,
              53.54195907977534
            ],
            [
              10.001196404600343,
              53.54194011610204
            ]
          ]
        ],
        "type": "Polygon"
      },
      "id": "16",
      "properties": {
        "cell_id": 0,
        "idiso": 1
      },
      "type": "Feature"
    },
    {
      "geometry": {
        "coordinates": [
          [
            [
              10.001272838635376,
              53.54195907977534
            ],
            [
              10.0012653884827,
              53.541962843383494
            ],
            [
              10.001254145916464,
              53.54197340905683
            ],
            [
              10.001248323300445,
              53.54198304282166
            ],
            [
              10.001237714473172,
              53.5420112029597
            ],
            [
              10.001225759529172,
              53.54204885331626
            ],
            [
              10.0012161147643,
              53.542084741173
            ],
            [
              10.001225174460918,
              53.54208697671531
            ],
            [
              10.00130818751125,
              53.54196784998909
            ],
            [
              10.001272838635376,
              53.54195907977534
            ]
          ]
        ],
        "type": "Polygon"
      },
      "id": "9",
      "properties": {
        "cell_id": 0,
        "idiso": 0
      },
      "type": "Feature"
    },
    {
      "geometry": {
        "coordinates": [
          [
            [
              10.001126318333366,
              53.54308914112092
            ],
            [
              10.001117418940504,
              53.543097580265346
            ],
            [
              10.001107811226396,
              53.54312366434803
            ],
            [
              10.001104479567319,
              53.54313673577894
            ],
            [
              10.001104807704088,
              53.54313926906208
            ],
            [
              10.001145372988349,
              53.543081527753
            ],
            [
              10.001268071670555,
              53.54311434128485
            ],
            [
              10.001268434373774,
              53.54311293868828
            ],
            [
              10.00127217388814,
              53.543109642612485
            ],
            [
              10.001327501287433,
              53.54311332179222
            ],
            [
              10.00133868876136,
              53.543114638763306
            ],
            [
              10.001157320219196,
              53.54306964196424
            ],
            [
              10.001653802475161,
              53.542372067839665
            ],
            [
              10.001126318333366,
              53.54308914112092
            ]
          ]
        ],
        "type": "Polygon"
      },
      "id": "58",
      "properties": {
        "cell_id": 0,
        "idiso": 3
      },
      "type": "Feature"
    },
    {
      "geometry": {
        "coordinates": [
          [
            [
              10.00103780066567,
              53.54296345944255
            ],
            [
              10.000844243172624,
              53.54323362102259
            ],
            [
              10.000837381486706,
              53.543238535069435
            ],
            [
              10.00083191084019,
              53.543239807915285
            ],
            [
              10.000846631205714,
              53.54324327554691
            ],
            [
              10.001278557621534,
              53.54262357081926
            ],
            [
              10.00103780066567,
              53.54296345944255
            ]
          ]
        ],
        "type": "Polygon"
      },
      "id": "113",
      "properties": {
        "cell_id": 0,
        "idiso": 5
      },
      "type": "Feature"
    },
    {
      "geometry": {
        "coordinates": [
          [
            [
              10.00127217388814,
              53.543109642612485
            ],
            [
              10.00126777824863,
              53.543113799896844
            ],
            [
              10.001331071884728,
              53.54313118947787
            ],
            [
              10.001331764301787,
              53.54313039638334
            ],
            [
              10.001336521503683,
              53.54313069495144
            ],
            [
              10.001432789615235,
              53.54313798465665
            ],
            [
              10.00133868876136,
              53.543114638763306
            ],
            [
              10.001327501287435,
              53.543113321792234
            ],
            [
              10.00127217388814,
              53.543109642612485
            ]
          ]
        ],
        "type": "Polygon"
      },
      "id": "28",
      "properties": {
        "cell_id": 0,
        "idiso": 2
      },
      "type": "Feature"
    },
    {
      "geometry": {
        "coordinates": [
          [
            [
              10.001331071884728,
              53.54313118947787
            ],
            [
              10.001343865157468,
              53.54313461078637
            ],
            [
              10.001330307902736,
              53.54315249977191
            ],
            [
              10.001340206619115,
              53.54314954073655
            ],
            [
              10.00136073523297,
              53.54314552964301
            ],
            [
              10.001383086125342,
              53.543142454808404
            ],
            [
              10.001401640634246,
              53.54314079245705
            ],
            [
              10.001425230167746,
              53.5431415906691
            ],
            [
              10.001462546939425,
              53.54314536726082
            ],
            [
              10.001432789615235,
              53.54313798465665
            ],
            [
              10.001427830258644,
              53.543137397884955
            ],
            [
              10.001331764301787,
              53.54313039638334
            ],
            [
              10.001331071884728,
              53.54313118947787
            ]
          ]
        ],
        "type": "Polygon"
      },
      "id": "17",
      "properties": {
        "cell_id": 0,
        "idiso": 1
      },
      "type": "Feature"
    },
    {
      "geometry": {
        "coordinates": [
          [
            [
              10.000837568112336,
              53.54325885121048
            ],
            [
              10.00084554523591,
              53.54326909834429
            ],
            [
              10.000842725009157,
              53.54325685072383
            ],
            [
              10.000829828849538,
              53.543253813074216
            ],
            [
              10.000837568112336,
              53.54325885121048
            ]
          ]
        ],
        "type": "Polygon"
      },
      "id": "116",
      "properties": {
        "cell_id": 0,
        "idiso": 5
      },
      "type": "Feature"
    },
    {
      "geometry": {
        "coordinates": [
          [
            [
              10.001109261760625,
              53.54339974221902
            ],
            [
              10.00116106929445,
              53.54342280396378
            ],
            [
              10.001221872198979,
              53.543452547299346
            ],
            [
              10.001288206237806,
              53.54348704041137
            ],
            [
              10.001346001467931,
              53.54351923329341
            ],
            [
              10.001349167967117,
              53.543521789748524
            ],
            [
              10.001354203493852,
              53.54352943598528
            ],
            [
              10.001356763878258,
              53.543538154373245
            ],
            [
              10.001355954902534,
              53.543545178171314
            ],
            [
              10.001406067610295,
              53.543480455602726
            ],
            [
              10.001109261760625,
              53.54339974221902
            ]
          ]
        ],
        "type": "Polygon"
      },
      "id": "112",
      "properties": {
        "cell_id": 0,
        "idiso": 5
      },
      "type": "Feature"
    },
    {
      "geometry": {
        "coordinates": [
          [
            [
              10.002231467462124,
              53.54098299733555
            ],
            [
              10.001993840872373,
              53.540984988657996
            ],
            [
              10.00205837520855,
              53.541000401218184
            ],
            [
              10.002231467462124,
              53.54098299733555
            ]
          ]
        ],
        "type": "Polygon"
      },
      "id": "181",
      "properties": {
        "cell_id": 0,
        "idiso": 6
      },
      "type": "Feature"
    },
    {
      "geometry": {
        "coordinates": [
          [
            [
              10.000724970977352,
              53.54116583835028
            ],
            [
              10.000980460687282,
              53.541160624315054
            ],
            [
              10.001845711595957,
              53.5411475545959
            ],
            [
              10.001939192374218,
              53.541146712709846
            ],
            [
              10.001971906767244,
              53.541145513731294
            ],
            [
              10.002020675137716,
              53.54114130924818
            ],
            [
              10.002265495363607,
              53.54111522084433
            ],
            [
              10.002270989338747,
              53.54111468857389
            ],
            [
              10.002277864009855,
              53.54111638553319
            ],
            [
              10.002512831846408,
              53.540980638877514
            ],
            [
              10.00231709250196,
              53.54098227967777
            ],
            [
              10.002318685419029,
              53.54098790065829
            ],
            [
              10.000538483408162,
              53.54117129980518
            ],
            [
              10.000724970977352,
              53.54116583835028
            ]
          ]
        ],
        "type": "Polygon"
      },
      "id": "147",
      "properties": {
        "cell_id": 0,
        "idiso": 6
      },
      "type": "Feature"
    },
    {
      "geometry": {
        "coordinates": [
          [
            [
              10.002277864009855,
              53.54111638553319
            ],
            [
              10.002270989338747,
              53.54111468857389
            ],
            [
              10.002057082688113,
              53.54113764431054
            ],
            [
              10.001982769705576,
              53.54114471471978
            ],
            [
              10.00193180829277,
              53.54114685215312
            ],
            [
              10.001845711595953,
              53.5411475545959
            ],
            [
              10.000939779270563,
              53.541161354981845
            ],
            [
              10.000717829899948,
              53.54116601189098
            ],
            [
              10.000549800136469,
              53.54117089303031
            ],
            [
              10.000538483408162,
              53.54117129980518
            ],
            [
              10.000177972321081,
              53.54120843679525
            ],
            [
              10.000182355313937,
              53.541199530366015
            ],
            [
              10.0001712907052,
              53.54119586000111
            ],
            [
              10.000163785647269,
              53.54119427039986
            ],
            [
              10.000157533615715,
              53.54119377170596
            ],
            [
              10.000154460756532,
              53.54119505930985
            ],
            [
              10.000110866558023,
              53.541325713323516
            ],
            [
              10.000078960347656,
              53.54143343326232
            ],
            [
              10.000066677523776,
              53.541481211497285
            ],
            [
              10.000057747734479,
              53.54152152253482
            ],
            [
              10.000051991515306,
              53.54155413885584
            ],
            [
              10.000048716683745,
              53.54158279024053
            ],
            [
              10.000067928204167,
              53.54239785142224
            ],
            [
              10.000070733293606,
              53.542379510001936
            ],
            [
              10.000076134681512,
              53.54235766321991
            ],
            [
              10.000099394699179,
              53.542282174032664
            ],
            [
              10.000111468296584,
              53.542238206839194
            ],
            [
              10.000345601976308,
              53.54207158048095
            ],
            [
              10.00040631828581,
              53.542027105722845
            ],
            [
              10.000443616833152,
              53.541998353359084
            ],
            [
              10.000456293136669,
              53.54198383908036
            ],
            [
              10.000478809221114,
              53.54195137487603
            ],
            [
              10.00061840356027,
              53.54176229854196
            ],
            [
              10.000657855022647,
              53.541712125433065
            ],
            [
              10.000691340680161,
              53.541673283869386
            ],
            [
              10.000776635394503,
              53.541586532742265
            ],
            [
              10.000808301786803,
              53.54155639772278
            ],
            [
              10.000841609182478,
              53.541526483623514
            ],
            [
              10.000870834586141,
              53.54150207384722
            ],
            [
              10.000900131813905,
              53.54147972546264
            ],
            [
              10.000928977574116,
              53.54146031497031
            ],
            [
              10.000952293309737,
              53.541447016135635
            ],
            [
              10.000970255020086,
              53.541438625126304
            ],
            [
              10.0009880992183,
              53.54143245706404
            ],
            [
              10.001009780210552,
              53.541428127559556
            ],
            [
              10.001035385271948,
              53.5414253240417
            ],
            [
              10.00107182739157,
              53.541423603904164
            ],
            [
              10.001111902955499,
              53.541423433524116
            ],
            [
              10.001296230079037,
              53.5414293439358
            ],
            [
              10.001331946216457,
              53.54142953019702
            ],
            [
              10.001356807134282,
              53.541428680750606
            ],
            [
              10.001448662643918,
              53.54142090092678
            ],
            [
              10.001579946942925,
              53.541407911227175
            ],
            [
              10.002050629505193,
              53.541356805981906
            ],
            [
              10.00218510383686,
              53.54134299143664
            ],
            [
              10.0021887132056,
              53.54134349762253
            ],
            [
              10.00220140255951,
              53.54134800362028
            ],
            [
              10.002204357602576,
              53.541347744068126
            ],
            [
              10.00240191231127,
              53.5412351727253
            ],
            [
              10.002843725742242,
              53.540977864404894
            ],
            [
              10.002512831846408,
              53.540980638877514
            ],
            [
              10.002277864009855,
              53.54111638553319
            ]
          ]
        ],
        "type": "Polygon"
      },
      "id": "102",
      "properties": {
        "cell_id": 0,
        "idiso": 5
      },
      "type": "Feature"
    },
    {
      "geometry": {
        "coordinates": [
          [
            [
              10.000952293309734,
              53.54144701613562
            ],
            [
              10.000924223506818,
              53.541463308834864
            ],
            [
              10.000895266162457,
              53.541483269844
            ],
            [
              10.000861058962798,
              53.54151002467975
            ],
            [
              10.00082718694429,
              53.541539187627215
            ],
            [
              10.000789952467027,
              53.54157367995551
            ],
            [
              10.000747440991866,
              53.54161549683389
            ],
            [
              10.000697013036467,
              53.54166723463008
            ],
            [
              10.000664188421599,
              53.541704446811096
            ],
            [
              10.000621755234686,
              53.541757910074494
            ],
            [
              10.000478809221113,
              53.54195137487603
            ],
            [
              10.000456293136669,
              53.54198383908036
            ],
            [
              10.00044361683315,
              53.541998353359084
            ],
            [
              10.000406318285807,
              53.54202710572287
            ],
            [
              10.000345601976308,
              53.54207158048097
            ],
            [
              10.000111336062337,
              53.542238370127066
            ],
            [
              10.00009939469918,
              53.54228217403268
            ],
            [
              10.000076134681514,
              53.542357663219924
            ],
            [
              10.000070733293608,
              53.54237951000194
            ],
            [
              10.000067928204167,
              53.54239785142224
            ],
            [
              10.000074003615975,
              53.542655596374615
            ],
            [
              10.000075914144103,
              53.542645588279264
            ],
            [
              10.000087772309193,
              53.542605112327905
            ],
            [
              10.000413143463081,
              53.542373470879625
            ],
            [
              10.000496415591304,
              53.5423122481565
            ],
            [
              10.000540306401856,
              53.54227784811461
            ],
            [
              10.000556130550052,
              53.54225922469249
            ],
            [
              10.000586827551771,
              53.54221494252446
            ],
            [
              10.0007674816588,
              53.5419728818776
            ],
            [
              10.000820584683943,
              53.54190436015918
            ],
            [
              10.000866415095516,
              53.54184862851631
            ],
            [
              10.000888454186152,
              53.54182383860564
            ],
            [
              10.000905941284994,
              53.54180642656435
            ],
            [
              10.000938754269203,
              53.54177642586603
            ],
            [
              10.000977309123659,
              53.54174310287149
            ],
            [
              10.001022763023961,
              53.54170554347789
            ],
            [
              10.001063411854552,
              53.541673663995965
            ],
            [
              10.001092693189166,
              53.54165280803132
            ],
            [
              10.001101020292216,
              53.5416481837461
            ],
            [
              10.00110383053106,
              53.54164780257832
            ],
            [
              10.001207030978922,
              53.54149985697357
            ],
            [
              10.001851278548333,
              53.54167676871891
            ],
            [
              10.000823408309326,
              53.54314938803653
            ],
            [
              10.000626042064535,
              53.54309634075487
            ],
            [
              10.000627657706536,
              53.543097966604975
            ],
            [
              10.000626998467766,
              53.54309996062615
            ],
            [
              10.000624360753111,
              53.54310226757
            ],
            [
              10.000614335515623,
              53.54310759923149
            ],
            [
              10.000554376536504,
              53.54313039308538
            ],
            [
              10.000540246572152,
              53.54313688697827
            ],
            [
              10.000580738286553,
              53.54320698211858
            ],
            [
              10.00059254902769,
              53.54323019288542
            ],
            [
              10.000588183986928,
              53.5432373246465
            ],
            [
              10.0005403567656,
              53.543269052290945
            ],
            [
              10.000534290684021,
              53.54327492856933
            ],
            [
              10.000533000894729,
              53.54327732794453
            ],
            [
              10.000533819210577,
              53.54327928970857
            ],
            [
              10.000541680240014,
              53.54328368130927
            ],
            [
              10.000574834572635,
              53.54329620150375
            ],
            [
              10.000649285303318,
              53.54333703636645
            ],
            [
              10.001342851146743,
              53.54352126708499
            ],
            [
              10.001255654346096,
              53.54363632937449
            ],
            [
              10.00128029872481,
              53.54364289074269
            ],
            [
              10.001355954902534,
              53.543545178171314
            ],
            [
              10.00135676387826,
              53.54353815437325
            ],
            [
              10.001354203493854,
              53.543529435985306
            ],
            [
              10.001349167967119,
              53.543521789748546
            ],
            [
              10.001346001467931,
              53.54351923329341
            ],
            [
              10.00128820623781,
              53.5434870404114
            ],
            [
              10.00122187219898,
              53.54345254729937
            ],
            [
              10.001161069294453,
              53.543422803963814
            ],
            [
              10.001109261760625,
              53.54339974221902
            ],
            [
              10.000941309437469,
              53.54335406879942
            ],
            [
              10.000853195330583,
              53.54330232097491
            ],
            [
              10.00084554523591,
              53.54326909834429
            ],
            [
              10.000837568112336,
              53.54325885121047
            ],
            [
              10.000829828849538,
              53.543253813074216
            ],
            [
              10.000696011530769,
              53.54322229271981
            ],
            [
              10.000704342444193,
              53.543209756917314
            ],
            [
              10.00083191084019,
              53.543239807915285
            ],
            [
              10.000837381486704,
              53.543238535069435
            ],
            [
              10.000844243172624,
              53.54323362102259
            ],
            [
              10.001037800665669,
              53.54296345944254
            ],
            [
              10.001278557621534,
              53.54262357081926
            ],
            [
              10.001802854793613,
              53.54187131126904
            ],
            [
              10.002174295745567,
              53.54137172158343
            ],
            [
              10.002195015283265,
              53.54137714847108
            ],
            [
              10.002117989068786,
              53.541481490277334
            ],
            [
              10.002122239606233,
              53.54147955175577
            ],
            [
              10.002131371278189,
              53.54147277973633
            ],
            [
              10.002204470661162,
              53.541413723990296
            ],
            [
              10.002227793475987,
              53.54139768173989
            ],
            [
              10.002370105332307,
              53.54131858870177
            ],
            [
              10.002769104888678,
              53.54110356685356
            ],
            [
              10.002848055283035,
              53.54105987712429
            ],
            [
              10.002910236026604,
              53.54102428346004
            ],
            [
              10.00292131573642,
              53.54101517604462
            ],
            [
              10.00293205222626,
              53.54100245006196
            ],
            [
              10.002942350569876,
              53.540985494981506
            ],
            [
              10.002944449293379,
              53.54097701967824
            ],
            [
              10.002843507906237,
              53.54097791209791
            ],
            [
              10.0024077196918,
              53.54123181308228
            ],
            [
              10.002204357602576,
              53.541347744068126
            ],
            [
              10.00220140255951,
              53.54134800362028
            ],
            [
              10.0021887132056,
              53.54134349762253
            ],
            [
              10.00218510383686,
              53.54134299143664
            ],
            [
              10.002050629505197,
              53.54135680598187
            ],
            [
              10.001579946942927,
              53.54140791122714
            ],
            [
              10.001455428640325,
              53.5414202702698
            ],
            [
              10.001362414293283,
              53.541428298804476
            ],
            [
              10.001338504084348,
              53.54142941216774
            ],
            [
              10.001303726539858,
              53.54142947234503
            ],
            [
              10.001145646931711,
              53.54142410146391
            ],
            [
              10.001079596236169,
              53.541423460684825
            ],
            [
              10.001049437291769,
              53.54142442034132
            ],
            [
              10.001022136639973,
              53.541426549889636
            ],
            [
              10.000998404798407,
              53.54143008672619
            ],
            [
              10.00097895228504,
              53.54143526824776
            ],
            [
              10.000952293309734,
              53.54144701613562
            ]
          ]
        ],
        "type": "Polygon"
      },
      "id": "68",
      "properties": {
        "cell_id": 0,
        "idiso": 4
      },
      "type": "Feature"
    },
    {
      "geometry": {
        "coordinates": [
          [
            [
              10.002076857542761,
              53.54210224942887
            ],
            [
              10.001990802692148,
              53.54209693235319
            ],
            [
              10.001939791801322,
              53.54209533889547
            ],
            [
              10.001927719202477,
              53.54209576809589
            ],
            [
              10.001923788185877,
              53.54209704158502
            ],
            [
              10.002166655487297,
              53.54216046879068
            ],
            [
              10.00186109213936,
              53.5425979250155
            ],
            [
              10.001881840805838,
              53.542576264896425
            ],
            [
              10.001907436590619,
              53.542552061918805
            ],
            [
              10.00197833726785,
              53.54249073835342
            ],
            [
              10.002163249383647,
              53.54234098081444
            ],
            [
              10.002206083747405,
              53.542311006950015
            ],
            [
              10.00227742916477,
              53.542402212383465
            ],
            [
              10.00229385319612,
              53.54241990102333
            ],
            [
              10.002296255682065,
              53.542426279457416
            ],
            [
              10.002397551586187,
              53.54228312758433
            ],
            [
              10.002397457753636,
              53.54228062382932
            ],
            [
              10.002395348933826,
              53.542277630024174
            ],
            [
              10.002386514268684,
              53.54226901792208
            ],
            [
              10.002343295609613,
              53.542213648052574
            ],
            [
              10.00230645301477,
              53.54215838536818
            ],
            [
              10.002296390863489,
              53.54214682660669
            ],
            [
              10.002285850002313,
              53.54213791679267
            ],
            [
              10.002278217269168,
              53.54213374896043
            ],
            [
              10.002268114400637,
              53.54212995082922
            ],
            [
              10.002241628035557,
              53.54212297997318
            ],
            [
              10.0021945941955,
              53.542114446599804
            ],
            [
              10.00214668567311,
              53.54210817963118
            ],
            [
              10.002076857542761,
              53.54210224942887
            ]
          ]
        ],
        "type": "Polygon"
      },
      "id": "57",
      "properties": {
        "cell_id": 0,
        "idiso": 3
      },
      "type": "Feature"
    },
    {
      "geometry": {
        "coordinates": [
          [
            [
              10.001927719202477,
              53.54209576809589
            ],
            [
              10.001939791801323,
              53.54209533889551
            ],
            [
              10.001990802692148,
              53.54209693235322
            ],
            [
              10.002067321808081,
              53.542101567846984
            ],
            [
              10.002141046498867,
              53.542107593321575
            ],
            [
              10.002179207709927,
              53.54211221075853
            ],
            [
              10.00221847199796,
              53.54211839340251
            ],
            [
              10.002248859761973,
              53.54212463702405
            ],
            [
              10.002273485842197,
              53.542131826331996
            ],
            [
              10.002282238704145,
              53.54213571571957
            ],
            [
              10.002289413704743,
              53.5421405280425
            ],
            [
              10.002303155262295,
              53.54215430248088
            ],
            [
              10.002315986106625,
              53.542171550434105
            ],
            [
              10.002343295609608,
              53.542213648052574
            ],
            [
              10.002386514268684,
              53.54226901792208
            ],
            [
              10.002395348933828,
              53.542277630024174
            ],
            [
              10.00239745775364,
              53.54228062382931
            ],
            [
              10.002397551586187,
              53.54228312758433
            ],
            [
              10.00254108705171,
              53.54208028076482
            ],
            [
              10.002591442121503,
              53.54209279080537
            ],
            [
              10.002591498206138,
              53.54209174628627
            ],
            [
              10.002586100195447,
              53.5420863539784
            ],
            [
              10.002572921743276,
              53.542076114215334
            ],
            [
              10.002444529016469,
              53.54198853821439
            ],
            [
              10.002394922698175,
              53.541955768591244
            ],
            [
              10.002362400771085,
              53.54193542268267
            ],
            [
              10.002331286323905,
              53.54191727499737
            ],
            [
              10.002307031568137,
              53.541904448162065
            ],
            [
              10.002284569048253,
              53.54189418675449
            ],
            [
              10.002268917504171,
              53.54188874133119
            ],
            [
              10.002250478917452,
              53.54188350395987
            ],
            [
              10.002199789744214,
              53.54187216014202
            ],
            [
              10.002144176911438,
              53.54186216753502
            ],
            [
              10.002046880889345,
              53.541846847772725
            ],
            [
              10.00202136739277,
              53.541844501421004
            ],
            [
              10.001956761286614,
              53.54184234449782
            ],
            [
              10.001938651517696,
              53.541839816684956
            ],
            [
              10.001933152535457,
              53.541839722215585
            ],
            [
              10.001929935647171,
              53.5418410040078
            ],
            [
              10.001783533127215,
              53.542032898264225
            ],
            [
              10.001586815448146,
              53.54229406460237
            ],
            [
              10.000874919382852,
              53.5432473676195
            ],
            [
              10.000872472850501,
              53.54325591123083
            ],
            [
              10.000867204975846,
              53.543263077525395
            ],
            [
              10.000874203644138,
              53.54329668762615
            ],
            [
              10.00095269081784,
              53.543342342981504
            ],
            [
              10.000982476166602,
              53.54335026961605
            ],
            [
              10.001004668149024,
              53.543355065969784
            ],
            [
              10.00102334793245,
              53.54335831627167
            ],
            [
              10.001033623643675,
              53.543359020758686
            ],
            [
              10.001080269902765,
              53.543357234307805
            ],
            [
              10.001128006962826,
              53.54335423235507
            ],
            [
              10.00115920458139,
              53.54335109424189
            ],
            [
              10.00116934512422,
              53.543349341745014
            ],
            [
              10.001174330416069,
              53.54334749705299
            ],
            [
              10.00117453443515,
              53.543346547188
            ],
            [
              10.00099339155831,
              53.543297859807595
            ],
            [
              10.001104807704088,
              53.54313926906208
            ],
            [
              10.001104479567319,
              53.54313673577894
            ],
            [
              10.001107811226396,
              53.54312366434803
            ],
            [
              10.001117418940504,
              53.54309758026534
            ],
            [
              10.001126318333366,
              53.54308914112092
            ],
            [
              10.001653802475161,
              53.542372067839665
            ],
            [
              10.0018611784541,
              53.54208069032114
            ],
            [
              10.001923788185877,
              53.54209704158502
            ],
            [
              10.001927719202477,
              53.54209576809589
            ]
          ]
        ],
        "type": "Polygon"
      },
      "id": "69",
      "properties": {
        "cell_id": 0,
        "idiso": 4
      },
      "type": "Feature"
    },
    {
      "geometry": {
        "coordinates": [
          [
            [
              10.002833251331435,
              53.542116194465386
            ],
            [
              10.002829156423955,
              53.54210944099489
            ],
            [
              10.002823028218623,
              53.54210227747288
            ],
            [
              10.002806112338298,
              53.542087193032046
            ],
            [
              10.00277994457017,
              53.54206813619186
            ],
            [
              10.002683637920724,
              53.54200397717211
            ],
            [
              10.00252790527462,
              53.54190673643066
            ],
            [
              10.002373779487373,
              53.541802535102455
            ],
            [
              10.00233577225063,
              53.541778748933154
            ],
            [
              10.002299977340424,
              53.5417583743877
            ],
            [
              10.002272137066523,
              53.54174478792308
            ],
            [
              10.001979140953404,
              53.54166947355912
            ],
            [
              10.000865186365745,
              53.54325338342956
            ],
            [
              10.000867204975846,
              53.543263077525395
            ],
            [
              10.000872472850501,
              53.54325591123083
            ],
            [
              10.000874919382854,
              53.5432473676195
            ],
            [
              10.000901242713745,
              53.54321166457928
            ],
            [
              10.001419723741433,
              53.542517277637174
            ],
            [
              10.001722897896503,
              53.54211312568686
            ],
            [
              10.001929935647171,
              53.5418410040078
            ],
            [
              10.001933152535457,
              53.541839722215585
            ],
            [
              10.001938651517696,
              53.541839816684956
            ],
            [
              10.001956761286614,
              53.54184234449782
            ],
            [
              10.002021367392766,
              53.541844501421
            ],
            [
              10.002046880889345,
              53.541846847772725
            ],
            [
              10.002144176911441,
              53.54186216753502
            ],
            [
              10.002199789744214,
              53.54187216014202
            ],
            [
              10.00224381100049,
              53.541881806483964
            ],
            [
              10.0022796964031,
              53.54189234923962
            ],
            [
              10.002302409339794,
              53.54190218080868
            ],
            [
              10.00232629569922,
              53.541914524153185
            ],
            [
              10.00235709487352,
              53.54193222231641
            ],
            [
              10.002394922698176,
              53.541955768591244
            ],
            [
              10.002444529016469,
              53.54198853821439
            ],
            [
              10.002572921743276,
              53.54207611421531
            ],
            [
              10.002586100195447,
              53.54208635397838
            ],
            [
              10.002591498206138,
              53.54209174628625
            ],
            [
              10.002591442121503,
              53.54209279080537
            ],
            [
              10.002804473575758,
              53.54214571529059
            ],
            [
              10.0018364847748,
              53.54352446216522
            ],
            [
              10.00117453443515,
              53.543346547188
            ],
            [
              10.00117255325806,
              53.54334842951256
            ],
            [
              10.001164848177622,
              53.543350230928716
            ],
            [
              10.001136815526184,
              53.543353500741134
            ],
            [
              10.001089836003114,
              53.54335673080469
            ],
            [
              10.001033623643675,
              53.543359020758686
            ],
            [
              10.001017347039777,
              53.54335743883661
            ],
            [
              10.000982476166602,
              53.54335026961605
            ],
            [
              10.001366179166515,
              53.54345238175561
            ],
            [
              10.001407599757123,
              53.54345963670663
            ],
            [
              10.001439138916187,
              53.543466758910924
            ],
            [
              10.001617397491666,
              53.54351532684036
            ],
            [
              10.001693848661555,
              53.5435339066393
            ],
            [
              10.001725762789782,
              53.54354022408691
            ],
            [
              10.001748362332314,
              53.543543864766065
            ],
            [
              10.001769547517583,
              53.54354639667855
            ],
            [
              10.001789076093823,
              53.54354766850535
            ],
            [
              10.001806705809239,
              53.54354752892748
            ],
            [
              10.00182219441213,
              53.543545826626044
            ],
            [
              10.00183529965107,
              53.54354241028215
            ],
            [
              10.001845779275058,
              53.54353712857688
            ],
            [
              10.001873818335225,
              53.54351235403726
            ],
            [
              10.001908203485732,
              53.5434784687656
            ],
            [
              10.00194342564179,
              53.54344058582273
            ],
            [
              10.001979371124863,
              53.543399066251055
            ],
            [
              10.002015926257661,
              53.54335427109297
            ],
            [
              10.002056083780948,
              53.54330246534067
            ],
            [
              10.002140720195706,
              53.54318593249566
            ],
            [
              10.002213335767063,
              53.5430796712029
            ],
            [
              10.002291819437858,
              53.542960007255786
            ],
            [
              10.002371873567848,
              53.54283437410158
            ],
            [
              10.002549557830894,
              53.5425513904849
            ],
            [
              10.002630023844482,
              53.54242705775095
            ],
            [
              10.002677628670957,
              53.54235764618428
            ],
            [
              10.002764520741815,
              53.5422455793675
            ],
            [
              10.00280254160273,
              53.542191954006896
            ],
            [
              10.002823715726173,
              53.54215555339944
            ],
            [
              10.002831335655886,
              53.54213782042741
            ],
            [
              10.002834793526828,
              53.54212529728479
            ],
            [
              10.002833251331435,
              53.542116194465386
            ]
          ]
        ],
        "type": "Polygon"
      },
      "id": "105",
      "properties": {
        "cell_id": 0,
        "idiso": 5
      },
      "type": "Feature"
    },
    {
      "geometry": {
        "coordinates": [
          [
            [
              10.002206083747405,
              53.542311006950015
            ],
            [
              10.002163249383647,
              53.54234098081444
            ],
            [
              10.002002484643056,
              53.54247080645198
            ],
            [
              10.001954848730493,
              53.54251048107276
            ],
            [
              10.00191548851365,
              53.54254477223674
            ],
            [
              10.001885225825086,
              53.54257294759509
            ],
            [
              10.001863718455724,
              53.54259501145279
            ],
            [
              10.001597989164193,
              53.542974585539596
            ],
            [
              10.00166816632938,
              53.542911450617176
            ],
            [
              10.001767445136307,
              53.54282542320355
            ],
            [
              10.00189171084145,
              53.54272014082805
            ],
            [
              10.002046234300089,
              53.542591046183595
            ],
            [
              10.002161346961147,
              53.54249560200002
            ],
            [
              10.002199179487231,
              53.542468113115426
            ],
            [
              10.002240032731223,
              53.54244062419391
            ],
            [
              10.002258082128268,
              53.54246172381311
            ],
            [
              10.002264222963406,
              53.54247154803654
            ],
            [
              10.002296255682065,
              53.542426279457416
            ],
            [
              10.002295824538168,
              53.54242334712171
            ],
            [
              10.002290814103274,
              53.54241614825628
            ],
            [
              10.00227742916477,
              53.542402212383465
            ],
            [
              10.002206083747405,
              53.542311006950015
            ]
          ]
        ],
        "type": "Polygon"
      },
      "id": "27",
      "properties": {
        "cell_id": 0,
        "idiso": 2
      },
      "type": "Feature"
    },
    {
      "geometry": {
        "coordinates": [
          [
            [
              10.001366179166515,
              53.54345238175561
            ],
            [
              10.00192578796291,
              53.54360130334823
            ],
            [
              10.003088304044116,
              53.54195457763077
            ],
            [
              10.002272137066523,
              53.54174478792308
            ],
            [
              10.002290355999133,
              53.54175339424744
            ],
            [
              10.002314955713514,
              53.54176659025801
            ],
            [
              10.002368268446057,
              53.541798986306176
            ],
            [
              10.00241257394947,
              53.54182819987543
            ],
            [
              10.002527905274624,
              53.54190673643066
            ],
            [
              10.002693772718825,
              53.54201049620539
            ],
            [
              10.002779944570172,
              53.5420681361919
            ],
            [
              10.002801175222418,
              53.54208335031073
            ],
            [
              10.002823028218625,
              53.5421022774729
            ],
            [
              10.002831480546563,
              53.542112876373466
            ],
            [
              10.002834423765298,
              53.54211938049709
            ],
            [
              10.002834793526828,
              53.54212529728479
            ],
            [
              10.002832434050354,
              53.5421345404034
            ],
            [
              10.002821799019207,
              53.54215934174824
            ],
            [
              10.00280528642919,
              53.54218768641984
            ],
            [
              10.00278450693533,
              53.54221835843337
            ],
            [
              10.002754112790463,
              53.54225925672787
            ],
            [
              10.002680106857394,
              53.542354291431685
            ],
            [
              10.00262765674224,
              53.542430618876914
            ],
            [
              10.002549557830903,
              53.54255139048494
            ],
            [
              10.002371873567855,
              53.54283437410164
            ],
            [
              10.002291819437865,
              53.54296000725584
            ],
            [
              10.00221018047953,
              53.54308438749109
            ],
            [
              10.002137566963759,
              53.5431904283494
            ],
            [
              10.00205919278666,
              53.543298351766644
            ],
            [
              10.001988457193898,
              53.54338816044459
            ],
            [
              10.00195533271354,
              53.54342713220619
            ],
            [
              10.001925717043012,
              53.543460004437975
            ],
            [
              10.001893768096435,
              53.54349309417647
            ],
            [
              10.00186536615154,
              53.54352015840945
            ],
            [
              10.001845779275063,
              53.54353712857688
            ],
            [
              10.001839096557061,
              53.54354086444864
            ],
            [
              10.001826839606352,
              53.54354488576644
            ],
            [
              10.001812118541306,
              53.543547142602165
            ],
            [
              10.001795175613214,
              53.54354778627468
            ],
            [
              10.001776253073722,
              53.54354696810288
            ],
            [
              10.001755593174597,
              53.54354483940574
            ],
            [
              10.001710030304494,
              53.54353725571155
            ],
            [
              10.001660425015178,
              53.54352624574587
            ],
            [
              10.001600028513534,
              53.54351068536894
            ],
            [
              10.001460339697095,
              53.54347215434547
            ],
            [
              10.001425909070763,
              53.543463601478734
            ],
            [
              10.00139652185867,
              53.54345757316188
            ],
            [
              10.001366179166515,
              53.54345238175561
            ]
          ]
        ],
        "type": "Polygon"
      },
      "id": "144",
      "properties": {
        "cell_id": 0,
        "idiso": 6
      },
      "type": "Feature"
    },
    {
      "geometry": {
        "coordinates": [
          [
            [
              10.002240032731223,
              53.54244062419391
            ],
            [
              10.002188891356003,
              53.54247533720825
            ],
            [
              10.002154440635763,
              53.54250113459632
            ],
            [
              10.001838425959933,
              53.54276506367381
            ],
            [
              10.00173122768126,
              53.542856532124496
            ],
            [
              10.001645206018997,
              53.54293178760372
            ],
            [
              10.001597989164193,
              53.542974585539596
            ],
            [
              10.001514787733317,
              53.54309369593475
            ],
            [
              10.00163021075413,
              53.54299316548068
            ],
            [
              10.001790273486419,
              53.54285617335465
            ],
            [
              10.00198060333762,
              53.542695093296366
            ],
            [
              10.002152653509343,
              53.54255097623756
            ],
            [
              10.002195876481286,
              53.542518767743665
            ],
            [
              10.002250768386741,
              53.54248161276259
            ],
            [
              10.002252396696164,
              53.54248245544296
            ],
            [
              10.002254093314226,
              53.54248586321639
            ],
            [
              10.002264222963406,
              53.54247154803654
            ],
            [
              10.002258082128268,
              53.54246172381311
            ],
            [
              10.002240032731223,
              53.54244062419391
            ]
          ]
        ],
        "type": "Polygon"
      },
      "id": "20",
      "properties": {
        "cell_id": 0,
        "idiso": 1
      },
      "type": "Feature"
    },
    {
      "geometry": {
        "coordinates": [
          [
            [
              10.002130968953201,
              53.54266218152604
            ],
            [
              10.002152142057087,
              53.54256524024702
            ],
            [
              10.002252479135267,
              53.54248814436671
            ],
            [
              10.002254093314226,
              53.54248586321639
            ],
            [
              10.002251566019032,
              53.54248164493323
            ],
            [
              10.00223950246197,
              53.542488965447056
            ],
            [
              10.002200977287414,
              53.54251518860994
            ],
            [
              10.002152653509343,
              53.54255097623756
            ],
            [
              10.001896194726742,
              53.542766330923286
            ],
            [
              10.001647333095587,
              53.54297841548298
            ],
            [
              10.001514787733317,
              53.54309369593475
            ],
            [
              10.001476308970199,
              53.543148781530334
            ],
            [
              10.001462546939425,
              53.54314536726082
            ],
            [
              10.001412289595686,
              53.543140803473854
            ],
            [
              10.001389970246754,
              53.543141720231326
            ],
            [
              10.001360735232968,
              53.54314552964301
            ],
            [
              10.001340206619114,
              53.54314954073655
            ],
            [
              10.001330307902736,
              53.54315249977191
            ],
            [
              10.001312786657593,
              53.54317561927324
            ],
            [
              10.001614865905735,
              53.543256776193594
            ],
            [
              10.00168422375117,
              53.543165152048054
            ],
            [
              10.001763075605606,
              53.54318634504153
            ],
            [
              10.002130968953201,
              53.54266218152604
            ]
          ]
        ],
        "type": "Polygon"
      },
      "id": "0",
      "properties": {
        "cell_id": 0,
        "idiso": 0
      },
      "type": "Feature"
    },
    {
      "geometry": {
        "coordinates": [
          [
            [
              10.002379211661845,
              53.54459034945991
            ],
            [
              10.002546946343747,
              53.544486433116504
            ],
            [
              10.002635901596207,
              53.544433635763134
            ],
            [
              10.002681422170832,
              53.54440818116851
            ],
            [
              10.002719086871418,
              53.54438839875024
            ],
            [
              10.002753998572327,
              53.544371589044225
            ],
            [
              10.002785458945386,
              53.5443583709627
            ],
            [
              10.00234940299789,
              53.54424119542265
            ],
            [
              10.002335192295254,
              53.544242864719315
            ],
            [
              10.002314841332709,
              53.54424856607323
            ],
            [
              10.00229322826914,
              53.54425763749141
            ],
            [
              10.002270725910408,
              53.54426942216111
            ],
            [
              10.002247707063761,
              53.54428326326978
            ],
            [
              10.002224544538134,
              53.54429850400517
            ],
            [
              10.002137913891993,
              53.54436032697849
            ],
            [
              10.002106745355933,
              53.54438086160692
            ],
            [
              10.00208535434605,
              53.54442385251352
            ],
            [
              10.002034263048111,
              53.54450107964461
            ],
            [
              10.002017073458209,
              53.544529921290234
            ],
            [
              10.00200488383389,
              53.54455643830962
            ],
            [
              10.002000587343316,
              53.54457534879897
            ],
            [
              10.002001301057977,
              53.54458479723808
            ],
            [
              10.002004915926946,
              53.54459252342873
            ],
            [
              10.002298460950053,
              53.54467904178159
            ],
            [
              10.00229704141968,
              53.54467366095808
            ],
            [
              10.002299257381491,
              53.54466624716766
            ],
            [
              10.002303932233861,
              53.544657588471
            ],
            [
              10.002320944131244,
              53.54463202355077
            ],
            [
              10.002325665181152,
              53.544622649978535
            ],
            [
              10.002379211661845,
              53.54459034945991
            ]
          ]
        ],
        "type": "Polygon"
      },
      "id": "77",
      "properties": {
        "cell_id": 0,
        "idiso": 4
      },
      "type": "Feature"
    },
    {
      "geometry": {
        "coordinates": [
          [
            [
              10.001596884201335,
              53.54447686908962
            ],
            [
              10.001706570833285,
              53.54429611150941
            ],
            [
              10.001745089460075,
              53.544235250267135
            ],
            [
              10.0018561452059,
              53.54407181225308
            ],
            [
              10.001898520101282,
              53.54401226336731
            ],
            [
              10.001944640303954,
              53.54395010256234
            ],
            [
              10.002021219227858,
              53.54383404337663
            ],
            [
              10.002053598065327,
              53.54379206406482
            ],
            [
              10.002079915789755,
              53.54376435607666
            ],
            [
              10.00209528000637,
              53.54375142574586
            ],
            [
              10.002106918420584,
              53.54374343451375
            ],
            [
              10.002118631066079,
              53.54373710259311
            ],
            [
              10.002130395842775,
              53.54373260690902
            ],
            [
              10.002142311659828,
              53.54373007090549
            ],
            [
              10.002155698713928,
              53.54372893349498
            ],
            [
              10.002170804708499,
              53.54372893220493
            ],
            [
              10.002187480486404,
              53.543729981553895
            ],
            [
              10.00222494476411,
              53.54373489024331
            ],
            [
              10.002274243214247,
              53.543744584126856
            ],
            [
              10.002319926053138,
              53.543755511528886
            ],
            [
              10.002367512746492,
              53.54376813403802
            ],
            [
              10.002559881538195,
              53.54382384317934
            ],
            [
              10.002620947838974,
              53.54383996191766
            ],
            [
              10.002738748743282,
              53.54386634715037
            ],
            [
              10.003167251703045,
              53.543958555749796
            ],
            [
              10.003272660540132,
              53.543982310182905
            ],
            [
              10.0033547249884,
              53.54400193038214
            ],
            [
              10.002079997901111,
              53.5436553012194
            ],
            [
              10.001277060982964,
              53.544681184939094
            ],
            [
              10.001241841921532,
              53.54472961543323
            ],
            [
              10.001189441149274,
              53.544805350720914
            ],
            [
              10.001137248678347,
              53.54488214169824
            ],
            [
              10.001111511022884,
              53.5449237140632
            ],
            [
              10.001082177102901,
              53.54495975914933
            ],
            [
              10.00107315671713,
              53.54497259484031
            ],
            [
              10.00107179307717,
              53.544977759693005
            ],
            [
              10.001073856003249,
              53.54497987727414
            ],
            [
              10.001082977077063,
              53.54498450262194
            ],
            [
              10.001096810745908,
              53.5449897152494
            ],
            [
              10.001135466902143,
              53.54500157194563
            ],
            [
              10.00123182194771,
              53.54503999201888
            ],
            [
              10.001272532665146,
              53.54505490476851
            ],
            [
              10.002153860042762,
              53.54531495742423
            ],
            [
              10.002549315105936,
              53.5454984547803
            ],
            [
              10.002659517610539,
              53.545405288549524
            ],
            [
              10.002767951475853,
              53.54527193044384
            ],
            [
              10.002749182316817,
              53.54528782369933
            ],
            [
              10.002693253611675,
              53.545326289584324
            ],
            [
              10.002656940787697,
              53.54535595211521
            ],
            [
              10.002642397526643,
              53.545366542621004
            ],
            [
              10.002633332390783,
              53.54537199511812
            ],
            [
              10.002625163968354,
              53.5453755383037
            ],
            [
              10.002621382398134,
              53.545375975569165
            ],
            [
              10.00261661509802,
              53.545375403514555
            ],
            [
              10.00260514951035,
              53.54537210720194
            ],
            [
              10.002577193795968,
              53.54536152906979
            ],
            [
              10.002040203781783,
              53.54520530580052
            ],
            [
              10.001849234226379,
              53.54514782017852
            ],
            [
              10.001814930940204,
              53.545135338192146
            ],
            [
              10.001716951881583,
              53.54509596156193
            ],
            [
              10.001684269440105,
              53.545083861741645
            ],
            [
              10.001626601579629,
              53.545065751858054
            ],
            [
              10.00147089668203,
              53.54501955066873
            ],
            [
              10.001413651631694,
              53.54500118075464
            ],
            [
              10.001396793947784,
              53.54499406976331
            ],
            [
              10.001375902537932,
              53.54498384837482
            ],
            [
              10.001351171198452,
              53.54497069444676
            ],
            [
              10.001341825306932,
              53.544964762097
            ],
            [
              10.001256117870126,
              53.54493244572514
            ],
            [
              10.00129679771188,
              53.5448834396754
            ],
            [
              10.001305302606506,
              53.54486619752807
            ],
            [
              10.001341229238518,
              53.544806011580036
            ],
            [
              10.001486691446221,
              53.544630815914516
            ],
            [
              10.001522232529052,
              53.544586268283176
            ],
            [
              10.001547767590964,
              53.54455207871165
            ],
            [
              10.001596884201335,
              53.54447686908962
            ]
          ]
        ],
        "type": "Polygon"
      },
      "id": "151",
      "properties": {
        "cell_id": 0,
        "idiso": 6
      },
      "type": "Feature"
    },
    {
      "geometry": {
        "coordinates": [
          [
            [
              10.001815564303232,
              53.544813511076875
            ],
            [
              10.001829590222425,
              53.54481705898251
            ],
            [
              10.001853694838426,
              53.544825481588134
            ],
            [
              10.001889209212695,
              53.54483961804231
            ],
            [
              10.00180859010538,
              53.54480541180001
            ],
            [
              10.001723596898143,
              53.54484898065439
            ],
            [
              10.001688638001777,
              53.544876973219274
            ],
            [
              10.001715639661958,
              53.5448849105279
            ],
            [
              10.001717047363554,
              53.54488455106922
            ],
            [
              10.001742208125124,
              53.544863497392356
            ],
            [
              10.001770855274394,
              53.54483595270457
            ],
            [
              10.001784428787818,
              53.544824222080535
            ],
            [
              10.001797504572993,
              53.54481572593054
            ],
            [
              10.001805509206301,
              53.544812949334755
            ],
            [
              10.001815564303232,
              53.544813511076875
            ]
          ]
        ],
        "type": "Polygon"
      },
      "id": "39",
      "properties": {
        "cell_id": 0,
        "idiso": 2
      },
      "type": "Feature"
    },
    {
      "geometry": {
        "coordinates": [
          [
            [
              10.001952310537964,
              53.54485137950461
            ],
            [
              10.001958473116334,
              53.544849713332226
            ],
            [
              10.001918470603634,
              53.54484644117213
            ],
            [
              10.001952310537964,
              53.54485137950461
            ]
          ]
        ],
        "type": "Polygon"
      },
      "id": "41",
      "properties": {
        "cell_id": 0,
        "idiso": 2
      },
      "type": "Feature"
    },
    {
      "geometry": {
        "coordinates": [
          [
            [
              10.001902142480471,
              53.54484510554618
            ],
            [
              10.001861546198342,
              53.54482854494759
            ],
            [
              10.001837466589846,
              53.54481959584521
            ],
            [
              10.001815564303232,
              53.544813511076875
            ],
            [
              10.001805509206301,
              53.544812949334755
            ],
            [
              10.001797504572993,
              53.54481572593052
            ],
            [
              10.001784428787818,
              53.544824222080514
            ],
            [
              10.001770855274394,
              53.54483595270455
            ],
            [
              10.001742208125124,
              53.544863497392356
            ],
            [
              10.001718489795126,
              53.54488349204002
            ],
            [
              10.001715639661958,
              53.5448849105279
            ],
            [
              10.001769610898146,
              53.544900775686486
            ],
            [
              10.001764319524009,
              53.544907119796825
            ],
            [
              10.001769040429096,
              53.54490828645428
            ],
            [
              10.001937306864804,
              53.54487470304127
            ],
            [
              10.001958045337469,
              53.54485022783917
            ],
            [
              10.001952310537964,
              53.54485137950461
            ],
            [
              10.001918470603634,
              53.54484644117213
            ],
            [
              10.001902142480471,
              53.54484510554618
            ]
          ]
        ],
        "type": "Polygon"
      },
      "id": "61",
      "properties": {
        "cell_id": 0,
        "idiso": 3
      },
      "type": "Feature"
    },
    {
      "geometry": {
        "coordinates": [
          [
            [
              10.00172014469674,
              53.54485224994138
            ],
            [
              10.001723596898143,
              53.54484898065439
            ],
            [
              10.001691154309013,
              53.544865611196265
            ],
            [
              10.001680099329194,
              53.544874463220644
            ],
            [
              10.001688638001777,
              53.544876973219274
            ],
            [
              10.00172014469674,
              53.54485224994138
            ]
          ]
        ],
        "type": "Polygon"
      },
      "id": "24",
      "properties": {
        "cell_id": 0,
        "idiso": 1
      },
      "type": "Feature"
    },
    {
      "geometry": {
        "coordinates": [
          [
            [
              10.001676150404405,
              53.54487330240806
            ],
            [
              10.001680099329194,
              53.544874463220644
            ],
            [
              10.001691154309013,
              53.544865611196265
            ],
            [
              10.001676150404405,
              53.54487330240806
            ]
          ]
        ],
        "type": "Polygon"
      },
      "id": "3",
      "properties": {
        "cell_id": 0,
        "idiso": 0
      },
      "type": "Feature"
    },
    {
      "geometry": {
        "coordinates": [
          [
            [
              10.00249754765338,
              53.54480714502978
            ],
            [
              10.002488054245354,
              53.544809229025766
            ],
            [
              10.002429742307125,
              53.54481725848051
            ],
            [
              10.002407259213616,
              53.544821892254014
            ],
            [
              10.002359014315916,
              53.5448366788809
            ],
            [
              10.002324277701717,
              53.54484851643682
            ],
            [
              10.002298460520779,
              53.544858499608964
            ],
            [
              10.00227746242504,
              53.544868310404915
            ],
            [
              10.002269654986648,
              53.544872969867335
            ],
            [
              10.002190819004458,
              53.54496786785116
            ],
            [
              10.002214389687259,
              53.544957272201266
            ],
            [
              10.002249962108037,
              53.54494309833403
            ],
            [
              10.002351651834934,
              53.54490659237331
            ],
            [
              10.002413196040887,
              53.54488568250784
            ],
            [
              10.002432033864762,
              53.54488198068077
            ],
            [
              10.002436501633161,
              53.5448817045885
            ],
            [
              10.002438250729552,
              53.54488235415472
            ],
            [
              10.00250060831821,
              53.544807261385714
            ],
            [
              10.00249754765338,
              53.54480714502978
            ]
          ]
        ],
        "type": "Polygon"
      },
      "id": "23",
      "properties": {
        "cell_id": 0,
        "idiso": 1
      },
      "type": "Feature"
    },
    {
      "geometry": {
        "coordinates": [
          [
            [
              10.001874532266987,
              53.544950672119114
            ],
            [
              10.001937981101502,
              53.54487435989142
            ],
            [
              10.001769040429096,
              53.54490828645428
            ],
            [
              10.001764319524009,
              53.544907119796825
            ],
            [
              10.001718840093417,
              53.54496164742132
            ],
            [
              10.001748768436512,
              53.544970565809905
            ],
            [
              10.001759649508086,
              53.54497272706189
            ],
            [
              10.00176413723944,
              53.54497284150999
            ],
            [
              10.001795338211068,
              53.54496807201544
            ],
            [
              10.001874532266987,
              53.544950672119114
            ]
          ]
        ],
        "type": "Polygon"
      },
      "id": "80",
      "properties": {
        "cell_id": 0,
        "idiso": 4
      },
      "type": "Feature"
    },
    {
      "geometry": {
        "coordinates": [
          [
            [
              10.00138372449323,
              53.543552616032144
            ],
            [
              10.001379070859436,
              53.54355246181334
            ],
            [
              10.001376228679806,
              53.5435533779371
            ],
            [
              10.001304374765603,
              53.54364930078862
            ],
            [
              10.001325541863046,
              53.54365493634689
            ],
            [
              10.001402442247697,
              53.54355349811096
            ],
            [
              10.001398775056808,
              53.543554540995366
            ],
            [
              10.00138372449323,
              53.543552616032144
            ]
          ]
        ],
        "type": "Polygon"
      },
      "id": "71",
      "properties": {
        "cell_id": 0,
        "idiso": 4
      },
      "type": "Feature"
    },
    {
      "geometry": {
        "coordinates": [
          [
            [
              10.001183660541493,
              53.54376770158039
            ],
            [
              10.001160759631238,
              53.54376154882461
            ],
            [
              10.001060053840154,
              53.54389442003907
            ],
            [
              10.000376334022365,
              53.543709398249945
            ],
            [
              10.000379582509568,
              53.543711293398395
            ],
            [
              10.000383943527572,
              53.5437175043792
            ],
            [
              10.000389500672421,
              53.54374524553789
            ],
            [
              10.000450731762278,
              53.543911951384935
            ],
            [
              10.000467394121896,
              53.543961410882375
            ],
            [
              10.000472271011947,
              53.543973152717385
            ],
            [
              10.000479346070136,
              53.54398603820366
            ],
            [
              10.000517213446273,
              53.544046019278575
            ],
            [
              10.000606400259477,
              53.544180635788166
            ],
            [
              10.000667843813869,
              53.54419873069776
            ],
            [
              10.000651624421474,
              53.54421827548908
            ],
            [
              10.000654034564427,
              53.54421734713059
            ],
            [
              10.000657950792348,
              53.54421713416262
            ],
            [
              10.000670618539075,
              53.54421811919344
            ],
            [
              10.000724766205536,
              53.54429990451225
            ],
            [
              10.000732878363452,
              53.54430954693055
            ],
            [
              10.000735208435032,
              53.54431562370874
            ],
            [
              10.000799224608985,
              53.544230287028576
            ],
            [
              10.000812585451039,
              53.544234227433385
            ],
            [
              10.000909054857873,
              53.54413971031702
            ],
            [
              10.001130178930778,
              53.54391713090241
            ],
            [
              10.001133793933825,
              53.54391499449694
            ],
            [
              10.001129475922815,
              53.54391337048351
            ],
            [
              10.001230451148384,
              53.54378027272858
            ],
            [
              10.00121031767522,
              53.543774863507736
            ],
            [
              10.001200492282896,
              53.54378797999438
            ],
            [
              10.001183660541493,
              53.54376770158039
            ]
          ]
        ],
        "type": "Polygon"
      },
      "id": "60",
      "properties": {
        "cell_id": 0,
        "idiso": 3
      },
      "type": "Feature"
    },
    {
      "geometry": {
        "coordinates": [
          [
            [
              10.00177466307393,
              53.54364899494096
            ],
            [
              10.001779925777369,
              53.54364162693228
            ],
            [
              10.001781244679295,
              53.54363548985833
            ],
            [
              10.00177746366346,
              53.54363062242971
            ],
            [
              10.001764161862141,
              53.543619649519776
            ],
            [
              10.001746293571507,
              53.5436072453047
            ],
            [
              10.001725064054698,
              53.543593980414755
            ],
            [
              10.001665194417429,
              53.54356079750387
            ],
            [
              10.001636091597833,
              53.543546312547505
            ],
            [
              10.001606250580531,
              53.54353284395047
            ],
            [
              10.001426641486757,
              53.54348607804708
            ],
            [
              10.001376228679806,
              53.5435533779371
            ],
            [
              10.001379070859436,
              53.543552461813356
            ],
            [
              10.001383724493234,
              53.54355261603217
            ],
            [
              10.001398775056808,
              53.543554540995366
            ],
            [
              10.001402442247697,
              53.54355349811096
            ],
            [
              10.001410810343053,
              53.54354245983985
            ],
            [
              10.001759033185229,
              53.54363603104199
            ],
            [
              10.001478015818739,
              53.54400698976872
            ],
            [
              10.001303906915664,
              53.5439602235628
            ],
            [
              10.001303081314013,
              53.54396436054939
            ],
            [
              10.001296813125158,
              53.543971975300785
            ],
            [
              10.001275788499774,
              53.54398751960504
            ],
            [
              10.001246148891667,
              53.54400515958981
            ],
            [
              10.00117681360015,
              53.54404298211804
            ],
            [
              10.001156028952169,
              53.54405540326012
            ],
            [
              10.001127884368596,
              53.54408530133865
            ],
            [
              10.001047424243252,
              53.54417566042652
            ],
            [
              10.001010773213602,
              53.54421403589405
            ],
            [
              10.00099081971458,
              53.54423312967332
            ],
            [
              10.000971534014644,
              53.54424980556371
            ],
            [
              10.000953213146383,
              53.544263409926565
            ],
            [
              10.000939450737224,
              53.54427164267199
            ],
            [
              10.001211452324316,
              53.54435186097633
            ],
            [
              10.00106560647241,
              53.544513145106386
            ],
            [
              10.001009346802475,
              53.54449681349606
            ],
            [
              10.001062037740859,
              53.54451730478359
            ],
            [
              10.000944150342864,
              53.54465925008438
            ],
            [
              10.000953982868003,
              53.54465265551535
            ],
            [
              10.000976961583204,
              53.5446334973247
            ],
            [
              10.001085496818293,
              53.54453850738013
            ],
            [
              10.001198496518725,
              53.54440323094218
            ],
            [
              10.001286756271112,
              53.54428829019733
            ],
            [
              10.001439204868632,
              53.544110426130324
            ],
            [
              10.00149388728296,
              53.54404513044871
            ],
            [
              10.001530749492305,
              53.54399812206855
            ],
            [
              10.00157236657406,
              53.54393934968909
            ],
            [
              10.00174558846842,
              53.54367847403769
            ],
            [
              10.00177466307393,
              53.54364899494096
            ]
          ]
        ],
        "type": "Polygon"
      },
      "id": "111",
      "properties": {
        "cell_id": 0,
        "idiso": 5
      },
      "type": "Feature"
    },
    {
      "geometry": {
        "coordinates": [
          [
            [
              10.001130178930778,
              53.54391713090241
            ],
            [
              10.0011182915892,
              53.543928982490314
            ],
            [
              10.000892970362553,
              53.54415574005546
            ],
            [
              10.000812585451039,
              53.544234227433385
            ],
            [
              10.000939450737224,
              53.54427164267199
            ],
            [
              10.00095321314638,
              53.54426340992655
            ],
            [
              10.000971534014642,
              53.54424980556369
            ],
            [
              10.000990819714577,
              53.544233129673295
            ],
            [
              10.001010773213599,
              53.54421403589402
            ],
            [
              10.001047424243252,
              53.5441756604265
            ],
            [
              10.001127884368595,
              53.54408530133863
            ],
            [
              10.001156028952169,
              53.54405540326012
            ],
            [
              10.00117681360015,
              53.544042982118036
            ],
            [
              10.00123965496771,
              53.544008789742605
            ],
            [
              10.001270379669373,
              53.543990934247866
            ],
            [
              10.001293552559684,
              53.54397483505667
            ],
            [
              10.001299516457232,
              53.54396926724755
            ],
            [
              10.001303081314013,
              53.54396436054937
            ],
            [
              10.001303906915664,
              53.5439602235628
            ],
            [
              10.001134094102454,
              53.54391461095541
            ],
            [
              10.001130178930778,
              53.54391713090241
            ]
          ]
        ],
        "type": "Polygon"
      },
      "id": "70",
      "properties": {
        "cell_id": 0,
        "idiso": 4
      },
      "type": "Feature"
    },
    {
      "geometry": {
        "coordinates": [
          [
            [
              10.0010849014951,
              53.544539133511876
            ],
            [
              10.000976961583204,
              53.544633497324696
            ],
            [
              10.000953982868003,
              53.54465265551533
            ],
            [
              10.000944150342864,
              53.54465925008438
            ],
            [
              10.000812958133338,
              53.544817214133246
            ],
            [
              10.000518186195169,
              53.5447303748486
            ],
            [
              10.000513801777613,
              53.54473042445785
            ],
            [
              10.00050134299172,
              53.544728799040186
            ],
            [
              10.000456639146293,
              53.5447213272313
            ],
            [
              10.000319144197366,
              53.54469512846414
            ],
            [
              10.000200511390029,
              53.544670094460066
            ],
            [
              10.000155191135867,
              53.544659495954896
            ],
            [
              10.00012102815992,
              53.54465044336981
            ],
            [
              10.00012248074355,
              53.54471206018658
            ],
            [
              10.000709832551907,
              53.5448872650799
            ],
            [
              10.00075385652581,
              53.54489860231609
            ],
            [
              10.000784143735137,
              53.54490521549742
            ],
            [
              10.000806167732776,
              53.54490905484151
            ],
            [
              10.00082567656209,
              53.54491120829886
            ],
            [
              10.000836430673408,
              53.54491138492405
            ],
            [
              10.000845321801242,
              53.544910108258456
            ],
            [
              10.000854675927183,
              53.54490624825641
            ],
            [
              10.000864489598172,
              53.54490025858782
            ],
            [
              10.000874369612887,
              53.54489283251335
            ],
            [
              10.000888453903706,
              53.54488051664846
            ],
            [
              10.000906689113535,
              53.54486262937277
            ],
            [
              10.001148032954974,
              53.54460331856609
            ],
            [
              10.001644494054059,
              53.543997611531
            ],
            [
              10.001916840977957,
              53.543613713362866
            ],
            [
              10.001606250580531,
              53.54353284395047
            ],
            [
              10.001636091597833,
              53.543546312547505
            ],
            [
              10.001671251030109,
              53.54356394326033
            ],
            [
              10.001707661152366,
              53.54358381019948
            ],
            [
              10.001736023637502,
              53.54360068477967
            ],
            [
              10.001760075817236,
              53.543616660360605
            ],
            [
              10.00177746366346,
              53.54363062242971
            ],
            [
              10.001781244679297,
              53.54363548985831
            ],
            [
              10.00177992577737,
              53.54364162693228
            ],
            [
              10.001771043643519,
              53.54365294832254
            ],
            [
              10.00174558846842,
              53.54367847403769
            ],
            [
              10.001589619275347,
              53.543913983358436
            ],
            [
              10.001553227120988,
              53.543966918724834
            ],
            [
              10.001523852590642,
              53.54400731440808
            ],
            [
              10.001460810045284,
              53.544084945164265
            ],
            [
              10.001281755150355,
              53.544294350311986
            ],
            [
              10.001198496518725,
              53.54440323094218
            ],
            [
              10.0010849014951,
              53.544539133511876
            ]
          ]
        ],
        "type": "Polygon"
      },
      "id": "146",
      "properties": {
        "cell_id": 0,
        "idiso": 6
      },
      "type": "Feature"
    },
    {
      "geometry": {
        "coordinates": [
          [
            [
              10.000941012318766,
              53.54485607607698
            ],
            [
              10.000946441814259,
              53.54486147722859
            ],
            [
              10.000957667778351,
              53.544867091501374
            ],
            [
              10.000973039310546,
              53.54487252820651
            ],
            [
              10.000990905508917,
              53.544877396655494
            ],
            [
              10.00100961546995,
              53.544881306160484
            ],
            [
              10.001035651111682,
              53.54488451777096
            ],
            [
              10.001049247768364,
              53.54488432066335
            ],
            [
              10.001054298875594,
              53.54488337414832
            ],
            [
              10.001057910017881,
              53.54488179721167
            ],
            [
              10.001069856514041,
              53.54487249032458
            ],
            [
              10.0010852312389,
              53.544857436357326
            ],
            [
              10.001100973281181,
              53.54483924373644
            ],
            [
              10.001120162503518,
              53.54481426785758
            ],
            [
              10.001198709482017,
              53.544699650152175
            ],
            [
              10.001216010118357,
              53.54467611543005
            ],
            [
              10.001229619900185,
              53.544659549922365
            ],
            [
              10.001235104745795,
              53.54465387770481
            ],
            [
              10.001242856865941,
              53.54464806358256
            ],
            [
              10.001297216228904,
              53.54461649298709
            ],
            [
              10.001305845358765,
              53.544610411237066
            ],
            [
              10.001311939411856,
              53.544604651066535
            ],
            [
              10.002059307025322,
              53.54364982105853
            ],
            [
              10.001937910889731,
              53.54361866328355
            ],
            [
              10.001660892213184,
              53.54400922167801
            ],
            [
              10.001168167303444,
              53.5446094932151
            ],
            [
              10.000940987152871,
              53.5448535775118
            ],
            [
              10.000941012318766,
              53.54485607607698
            ]
          ]
        ],
        "type": "Polygon"
      },
      "id": "149",
      "properties": {
        "cell_id": 0,
        "idiso": 6
      },
      "type": "Feature"
    },
    {
      "geometry": {
        "coordinates": [
          [
            [
              10.0010095036511,
              53.54449664624104
            ],
            [
              10.001007096257888,
              53.54449593826763
            ],
            [
              10.001009346802475,
              53.54449681349606
            ],
            [
              10.0010095036511,
              53.54449664624104
            ]
          ]
        ],
        "type": "Polygon"
      },
      "id": "72",
      "properties": {
        "cell_id": 0,
        "idiso": 4
      },
      "type": "Feature"
    },
    {
      "geometry": {
        "coordinates": [
          [
            [
              10.000866057101115,
              53.54493408229306
            ],
            [
              10.001018159622808,
              53.544979968460645
            ],
            [
              10.001311939411856,
              53.544604651066535
            ],
            [
              10.001305845358765,
              53.544610411237066
            ],
            [
              10.001297216228904,
              53.54461649298709
            ],
            [
              10.001247553810286,
              53.544645035171186
            ],
            [
              10.001238675258103,
              53.54465101545305
            ],
            [
              10.001232241088054,
              53.544656637259955
            ],
            [
              10.00121879572959,
              53.544672554276104
            ],
            [
              10.00120165751244,
              53.544695497987746
            ],
            [
              10.001136247427116,
              53.54479166592129
            ],
            [
              10.001107343342097,
              53.544831246683756
            ],
            [
              10.001082122679243,
              53.544860720931446
            ],
            [
              10.00106985651403,
              53.54487249032458
            ],
            [
              10.001057910017881,
              53.54488179721167
            ],
            [
              10.001054298875594,
              53.54488337414833
            ],
            [
              10.001049247768364,
              53.54488432066337
            ],
            [
              10.001035651111682,
              53.544884517770974
            ],
            [
              10.001018770953724,
              53.54488277921934
            ],
            [
              10.000990905508917,
              53.5448773966555
            ],
            [
              10.000964938529771,
              53.54486985646797
            ],
            [
              10.000951433418981,
              53.54486428214292
            ],
            [
              10.000942899326702,
              53.54485872559462
            ],
            [
              10.000941012318767,
              53.54485607607702
            ],
            [
              10.000940987152871,
              53.5448535775118
            ],
            [
              10.000866057101115,
              53.54493408229306
            ]
          ]
        ],
        "type": "Polygon"
      },
      "id": "200",
      "properties": {
        "cell_id": 0,
        "idiso": 7
      },
      "type": "Feature"
    },
    {
      "geometry": {
        "coordinates": [
          [
            [
              10.001111511022884,
              53.5449237140632
            ],
            [
              10.001137248678345,
              53.544882141698245
            ],
            [
              10.001195556620868,
              53.5447963995011
            ],
            [
              10.00124480903522,
              53.54472542115355
            ],
            [
              10.001279377638955,
              53.544678155671576
            ],
            [
              10.001038442374233,
              53.544985958509734
            ],
            [
              10.001277317884973,
              53.54505641753839
            ],
            [
              10.001238158836236,
              53.54504245345297
            ],
            [
              10.001135466902143,
              53.54500157194563
            ],
            [
              10.001096810745908,
              53.5449897152494
            ],
            [
              10.001077908423614,
              53.54498220020942
            ],
            [
              10.00107179307717,
              53.544977759693005
            ],
            [
              10.001071856250702,
              53.544975497857706
            ],
            [
              10.00108165805999,
              53.54496046793962
            ],
            [
              10.001111511022884,
              53.5449237140632
            ]
          ]
        ],
        "type": "Polygon"
      },
      "id": "202",
      "properties": {
        "cell_id": 0,
        "idiso": 7
      },
      "type": "Feature"
    },
    {
      "geometry": {
        "coordinates": [
          [
            [
              10.000906689113535,
              53.54486262937277
            ],
            [
              10.000883922770877,
              53.54488466329371
            ],
            [
              10.000869445887615,
              53.54489668177253
            ],
            [
              10.000854675927181,
              53.54490624825639
            ],
            [
              10.000845321801243,
              53.544910108258456
            ],
            [
              10.00084093994327,
              53.54491102299067
            ],
            [
              10.000831321518204,
              53.544911438633214
            ],
            [
              10.00081955988952,
              53.54491071810167
            ],
            [
              10.00079165772347,
              53.54490664229833
            ],
            [
              10.00075385652581,
              53.54489860231609
            ],
            [
              10.000709832551907,
              53.5448872650799
            ],
            [
              10.00084596593339,
              53.544927872547945
            ],
            [
              10.000906689113535,
              53.54486262937277
            ]
          ]
        ],
        "type": "Polygon"
      },
      "id": "199",
      "properties": {
        "cell_id": 0,
        "idiso": 7
      },
      "type": "Feature"
    },
    {
      "geometry": {
        "geometries": [
          {
            "coordinates": [
              [
                [
                  10.000095217856147,
                  53.54355556380786
                ],
                [
                  10.000095708539618,
                  53.543552508268974
                ],
                [
                  10.00009745859255,
                  53.543550208074365
                ],
                [
                  10.00010150549725,
                  53.54354863612282
                ],
                [
                  10.000107401640289,
                  53.54354765384542
                ],
                [
                  10.000156546159234,
                  53.543546383486664
                ],
                [
                  10.000167429765987,
                  53.543544395648404
                ],
                [
                  10.000193928887406,
                  53.543509507202316
                ],
                [
                  10.000118502264455,
                  53.543489079620805
                ],
                [
                  10.000094397561808,
                  53.54352076553285
                ],
                [
                  10.000095217856147,
                  53.54355556380786
                ]
              ]
            ],
            "type": "Polygon"
          },
          {
            "coordinates": [
              [
                [
                  10.00015517549919,
                  53.54404384686315
                ],
                [
                  10.000143392401307,
                  53.54402803017389
                ],
                [
                  10.000124617925511,
                  53.54398436520504
                ],
                [
                  10.000110813556649,
                  53.543948314884354
                ],
                [
                  10.000104827751207,
                  53.54392514224598
                ],
                [
                  10.00010441659607,
                  53.54392191413602
                ],
                [
                  10.000103751561383,
                  53.543915182764735
                ],
                [
                  10.000103677019146,
                  53.54391441157571
                ],
                [
                  10.000106482222693,
                  53.54403340993889
                ],
                [
                  10.000156473871149,
                  53.54404813261872
                ],
                [
                  10.00015691561691,
                  53.54404682263728
                ],
                [
                  10.00015517549919,
                  53.54404384686315
                ]
              ]
            ],
            "type": "Polygon"
          },
          {
            "coordinates": [
              [
                10.000103677019146,
                53.54391441157571
              ],
              [
                10.000095217856147,
                53.54355556380786
              ]
            ],
            "type": "LineString"
          }
        ],
        "type": "GeometryCollection"
      },
      "id": "8",
      "properties": {
        "cell_id": 0,
        "idiso": 0
      },
      "type": "Feature"
    },
    {
      "geometry": {
        "coordinates": [
          [
            [
              [
                10.000167429765987,
                53.543544395648404
              ],
              [
                10.000156546159234,
                53.543546383486664
              ],
              [
                10.000107401640289,
                53.54354765384542
              ],
              [
                10.00010150549725,
                53.54354863612282
              ],
              [
                10.00009745859255,
                53.543550208074365
              ],
              [
                10.000095708539618,
                53.543552508268974
              ],
              [
                10.0000952365001,
                53.54355635471503
              ],
              [
                10.00009718069898,
                53.543638830629
              ],
              [
                10.000098543245405,
                53.54362114487758
              ],
              [
                10.00009972200259,
                53.543620536017364
              ],
              [
                10.00011013115974,
                53.543619834135875
              ],
              [
                10.000167429765987,
                53.543544395648404
              ]
            ]
          ],
          [
            [
              [
                10.000105427664463,
                53.54392858120294
              ],
              [
                10.00011384417435,
                53.54395706047695
              ],
              [
                10.000128430724557,
                53.543993347481255
              ],
              [
                10.000143392401307,
                53.54402803017389
              ],
              [
                10.000155175499195,
                53.54404384686313
              ],
              [
                10.000156915616914,
                53.544046822637256
              ],
              [
                10.000156473871149,
                53.54404813261872
              ],
              [
                10.000264569813732,
                53.54407996706834
              ],
              [
                10.000265541242722,
                53.54407899248478
              ],
              [
                10.000263702576634,
                53.54407585857906
              ],
              [
                10.000254253529066,
                53.544064114000705
              ],
              [
                10.000231194866702,
                53.54403026829787
              ],
              [
                10.000220363926767,
                53.54400994510507
              ],
              [
                10.000183882708068,
                53.5439094371999
              ],
              [
                10.000128042782285,
                53.54376228394447
              ],
              [
                10.00010795664687,
                53.54370584984684
              ],
              [
                10.00009846298038,
                53.54367415956919
              ],
              [
                10.00009767611119,
                53.54365984671332
              ],
              [
                10.000103482976767,
                53.54390618015378
              ],
              [
                10.000105427664463,
                53.54392858120294
              ]
            ]
          ]
        ],
        "type": "MultiPolygon"
      },
      "id": "15",
      "properties": {
        "cell_id": 0,
        "idiso": 1
      },
      "type": "Feature"
    },
    {
      "geometry": {
        "coordinates": [
          [
            [
              10.00011013115974,
              53.543619834135875
            ],
            [
              10.00009972200259,
              53.543620536017364
            ],
            [
              10.000098543245405,
              53.54362114487758
            ],
            [
              10.00009718069898,
              53.543638830629
            ],
            [
              10.00009767611119,
              53.54365984671332
            ],
            [
              10.00009846298038,
              53.54367415956919
            ],
            [
              10.000107956646874,
              53.54370584984684
            ],
            [
              10.000128042782288,
              53.54376228394447
            ],
            [
              10.000183882708074,
              53.5439094371999
            ],
            [
              10.000220363926768,
              53.54400994510507
            ],
            [
              10.000231194866705,
              53.5440302682979
            ],
            [
              10.000254253529066,
              53.544064114000705
            ],
            [
              10.00026370257663,
              53.54407585857906
            ],
            [
              10.00026554124272,
              53.54407899248478
            ],
            [
              10.000264569813732,
              53.54407996706834
            ],
            [
              10.000606400259477,
              53.544180635788166
            ],
            [
              10.000508626763565,
              53.54403281562956
            ],
            [
              10.00048348327177,
              53.54399292839009
            ],
            [
              10.000472271011942,
              53.543973152717385
            ],
            [
              10.000389500672421,
              53.54374524553789
            ],
            [
              10.000383943527568,
              53.5437175043792
            ],
            [
              10.000379582509566,
              53.543711293398395
            ],
            [
              10.000376334022365,
              53.543709398249945
            ],
            [
              10.000099089503887,
              53.54363437138094
            ],
            [
              10.00011013115974,
              53.543619834135875
            ]
          ]
        ],
        "type": "Polygon"
      },
      "id": "30",
      "properties": {
        "cell_id": 0,
        "idiso": 2
      },
      "type": "Feature"
    },
    {
      "geometry": {
        "coordinates": [
          [
            [
              10.00067036930026,
              53.544218017996265
            ],
            [
              10.000657950792348,
              53.54421713416261
            ],
            [
              10.000654034564427,
              53.544217347130584
            ],
            [
              10.000651624421474,
              53.54421827548908
            ],
            [
              10.000561390152281,
              53.54432700977255
            ],
            [
              10.000630927229398,
              53.54432491087933
            ],
            [
              10.000684419484221,
              53.54432531979735
            ],
            [
              10.000687218101412,
              53.544327509579965
            ],
            [
              10.000689463132916,
              53.54433291225678
            ],
            [
              10.000702072272583,
              53.5443499869964
            ],
            [
              10.000704856335856,
              53.5443560844052
            ],
            [
              10.000735208435032,
              53.54431562370874
            ],
            [
              10.00073490083721,
              53.54431287692569
            ],
            [
              10.000724766205536,
              53.54429990451225
            ],
            [
              10.00067036930026,
              53.544218017996265
            ]
          ]
        ],
        "type": "Polygon"
      },
      "id": "31",
      "properties": {
        "cell_id": 0,
        "idiso": 2
      },
      "type": "Feature"
    },
    {
      "geometry": {
        "coordinates": [
          [
            [
              10.000630927229398,
              53.544324910879325
            ],
            [
              10.000561390152281,
              53.54432700977255
            ],
            [
              10.000556566836917,
              53.544332821956374
            ],
            [
              10.000643328708227,
              53.54435987709087
            ],
            [
              10.000649024067451,
              53.544358802091146
            ],
            [
              10.000662484990814,
              53.54435828845489
            ],
            [
              10.000688862558025,
              53.54435925160539
            ],
            [
              10.000692572907065,
              53.54436222068759
            ],
            [
              10.000695258147376,
              53.54436887919926
            ],
            [
              10.000704856335856,
              53.5443560844052
            ],
            [
              10.000702072272583,
              53.5443499869964
            ],
            [
              10.000689463132916,
              53.54433291225678
            ],
            [
              10.000687218101412,
              53.544327509579965
            ],
            [
              10.000684419484221,
              53.54432531979735
            ],
            [
              10.000630927229398,
              53.544324910879325
            ]
          ]
        ],
        "type": "Polygon"
      },
      "id": "18",
      "properties": {
        "cell_id": 0,
        "idiso": 1
      },
      "type": "Feature"
    },
    {
      "geometry": {
        "coordinates": [
          [
            [
              10.000692572907065,
              53.54436222068759
            ],
            [
              10.000688862558025,
              53.54435925160539
            ],
            [
              10.000662484990814,
              53.544358288454895
            ],
            [
              10.000649024067451,
              53.544358802091146
            ],
            [
              10.000643328708227,
              53.54435987709087
            ],
            [
              10.000690886314164,
              53.544374707036354
            ],
            [
              10.000695258147376,
              53.54436887919926
            ],
            [
              10.000692572907065,
              53.54436222068759
            ]
          ]
        ],
        "type": "Polygon"
      },
      "id": "2",
      "properties": {
        "cell_id": 0,
        "idiso": 0
      },
      "type": "Feature"
    },
    {
      "geometry": {
        "coordinates": [
          [
            [
              10.000119359367964,
              53.54446097759452
            ],
            [
              10.000116542134268,
              53.54446015021806
            ],
            [
              10.000116639004801,
              53.54446425940145
            ],
            [
              10.000119359367964,
              53.54446097759452
            ]
          ]
        ],
        "type": "Polygon"
      },
      "id": "83",
      "properties": {
        "cell_id": 0,
        "idiso": 4
      },
      "type": "Feature"
    },
    {
      "geometry": {
        "coordinates": [
          [
            [
              10.000155191135866,
              53.544659495954896
            ],
            [
              10.000200511390025,
              53.544670094460066
            ],
            [
              10.000319144197363,
              53.54469512846414
            ],
            [
              10.00045663914629,
              53.5447213272313
            ],
            [
              10.000501342991717,
              53.544728799040186
            ],
            [
              10.00051380177761,
              53.54473042445785
            ],
            [
              10.000518186195169,
              53.5447303748486
            ],
            [
              10.000120148090955,
              53.544613111811934
            ],
            [
              10.00012102815992,
              53.54465044336981
            ],
            [
              10.000155191135866,
              53.544659495954896
            ]
          ]
        ],
        "type": "Polygon"
      },
      "id": "114",
      "properties": {
        "cell_id": 0,
        "idiso": 5
      },
      "type": "Feature"
    },
    {
      "geometry": {
        "coordinates": [
          [
            [
              10.00012283872378,
              53.544727245233865
            ],
            [
              10.000126247196752,
              53.5448718274494
            ],
            [
              10.000708238205707,
              53.545033995986465
            ],
            [
              10.00072265789434,
              53.545035010721335
            ],
            [
              10.000742277829966,
              53.54502481514297
            ],
            [
              10.000752807991333,
              53.545016836320436
            ],
            [
              10.00075206576464,
              53.545015762577464
            ],
            [
              10.000739655082114,
              53.545010735149965
            ],
            [
              10.000700544840766,
              53.544959349082596
            ],
            [
              10.000689301181339,
              53.54494250313187
            ],
            [
              10.000681204644485,
              53.5449279773169
            ],
            [
              10.000679858089242,
              53.54492489636159
            ],
            [
              10.000680094954213,
              53.54492195792894
            ],
            [
              10.00069552255462,
              53.54490240373024
            ],
            [
              10.000696083049954,
              53.54489951117305
            ],
            [
              10.000694010645049,
              53.54489762160674
            ],
            [
              10.00012283872378,
              53.544727245233865
            ]
          ]
        ],
        "type": "Polygon"
      },
      "id": "150",
      "properties": {
        "cell_id": 0,
        "idiso": 6
      },
      "type": "Feature"
    },
    {
      "geometry": {
        "coordinates": [
          [
            [
              10.000490117551108,
              53.54512666780259
            ],
            [
              10.000351312969764,
              53.54508475943263
            ],
            [
              10.000221987766649,
              53.54504708213829
            ],
            [
              10.000129777458302,
              53.5450215744232
            ],
            [
              10.000130143609338,
              53.54503710577578
            ],
            [
              10.000624914456994,
              53.545182764212235
            ],
            [
              10.000626756790338,
              53.54518262811926
            ],
            [
              10.000622818871785,
              53.54517760468276
            ],
            [
              10.00061280893572,
              53.54516953551809
            ],
            [
              10.000597148993037,
              53.54516035537212
            ],
            [
              10.000490117551108,
              53.54512666780259
            ]
          ]
        ],
        "type": "Polygon"
      },
      "id": "115",
      "properties": {
        "cell_id": 0,
        "idiso": 5
      },
      "type": "Feature"
    },
    {
      "geometry": {
        "coordinates": [
          [
            [
              10.002438250729552,
              53.54488235415472
            ],
            [
              10.002436501633163,
              53.5448817045885
            ],
            [
              10.002425935175658,
              53.54488291439141
            ],
            [
              10.002408731098656,
              53.544886980834185
            ],
            [
              10.002345058390908,
              53.544908872262006
            ],
            [
              10.002256437894449,
              53.544940641707285
            ],
            [
              10.0021994395611,
              53.54496380108726
            ],
            [
              10.002190819004458,
              53.54496786785116
            ],
            [
              10.00215435919172,
              53.54501175580673
            ],
            [
              10.002445190687958,
              53.5450972548752
            ],
            [
              10.002558390409131,
              53.54496084034872
            ],
            [
              10.00240941181109,
              53.5449170826943
            ],
            [
              10.002438250729552,
              53.54488235415472
            ]
          ]
        ],
        "type": "Polygon"
      },
      "id": "1",
      "properties": {
        "cell_id": 0,
        "idiso": 0
      },
      "type": "Feature"
    },
    {
      "geometry": {
        "coordinates": [
          [
            [
              10.001718840093417,
              53.54496164742132
            ],
            [
              10.001647313163003,
              53.54504740441392
            ],
            [
              10.001441398273558,
              53.54500230638908
            ],
            [
              10.001341825306932,
              53.544964762097
            ],
            [
              10.001351171198454,
              53.54497069444676
            ],
            [
              10.001375902537934,
              53.54498384837482
            ],
            [
              10.001396793947785,
              53.54499406976331
            ],
            [
              10.001413651631694,
              53.54500118075464
            ],
            [
              10.001470896682033,
              53.545019550668755
            ],
            [
              10.001626601579632,
              53.545065751858075
            ],
            [
              10.001684269440105,
              53.545083861741645
            ],
            [
              10.001716951881583,
              53.54509596156193
            ],
            [
              10.001814930940204,
              53.545135338192146
            ],
            [
              10.001854163927328,
              53.545149405689514
            ],
            [
              10.002047369786867,
              53.545207408610636
            ],
            [
              10.002577193795968,
              53.54536152906979
            ],
            [
              10.002605149510352,
              53.54537210720194
            ],
            [
              10.002616615098022,
              53.545375403514555
            ],
            [
              10.002621382398136,
              53.545375975569165
            ],
            [
              10.002625163968354,
              53.5453755383037
            ],
            [
              10.002633332390785,
              53.5453719951181
            ],
            [
              10.00264716125058,
              53.545363267266154
            ],
            [
              10.002693253611676,
              53.54532628958431
            ],
            [
              10.002749182316817,
              53.54528782369935
            ],
            [
              10.002767951475853,
              53.54527193044384
            ],
            [
              10.003000010152967,
              53.544986528416764
            ],
            [
              10.002904998601164,
              53.54495420319535
            ],
            [
              10.002901295663643,
              53.54496322266538
            ],
            [
              10.002891899660556,
              53.54497833637436
            ],
            [
              10.002858033162452,
              53.54502128468663
            ],
            [
              10.002837572852291,
              53.54504486492221
            ],
            [
              10.002808259371303,
              53.54506550353899
            ],
            [
              10.0025819593509,
              53.54533812304146
            ],
            [
              10.001754891682596,
              53.54509456738017
            ],
            [
              10.001874532266987,
              53.544950672119114
            ],
            [
              10.00179533821107,
              53.54496807201545
            ],
            [
              10.00176413723944,
              53.54497284150999
            ],
            [
              10.001759649508086,
              53.54497272706189
            ],
            [
              10.001748768436512,
              53.544970565809905
            ],
            [
              10.001718840093417,
              53.54496164742132
            ]
          ]
        ],
        "type": "Polygon"
      },
      "id": "117",
      "properties": {
        "cell_id": 0,
        "idiso": 5
      },
      "type": "Feature"
    },
    {
      "geometry": {
        "coordinates": [
          [
            [
              10.00129021254192,
              53.54507648061629
            ],
            [
              10.001286244698353,
              53.54507833256339
            ],
            [
              10.001270064502974,
              53.545092949508906
            ],
            [
              10.001265914746103,
              53.545095709536774
            ],
            [
              10.001261712105642,
              53.54509703328205
            ],
            [
              10.00123593698391,
              53.54509855191253
            ],
            [
              10.00120158526127,
              53.545099198301855
            ],
            [
              10.0010689860386,
              53.54509895989182
            ],
            [
              10.001025781947217,
              53.54509948765083
            ],
            [
              10.000996393212668,
              53.54510127263592
            ],
            [
              10.000987964519235,
              53.54510319482179
            ],
            [
              10.000987005354654,
              53.54510491034265
            ],
            [
              10.00099023601427,
              53.545107017577436
            ],
            [
              10.001934363946354,
              53.545382453784626
            ],
            [
              10.002442778356384,
              53.54557239306072
            ],
            [
              10.002535330496164,
              53.54550912190387
            ],
            [
              10.002142540212914,
              53.54532665435801
            ],
            [
              10.001294160505172,
              53.545076428184046
            ],
            [
              10.00129021254192,
              53.54507648061629
            ]
          ]
        ],
        "type": "Polygon"
      },
      "id": "152",
      "properties": {
        "cell_id": 0,
        "idiso": 6
      },
      "type": "Feature"
    },
    {
      "geometry": {
        "coordinates": [
          [
            [
              10.00104144824043,
              53.54513432665187
            ],
            [
              10.000126597477498,
              53.54488668575205
            ],
            [
              10.000128147166905,
              53.544952420733786
            ],
            [
              10.002111463966722,
              53.54554416943304
            ],
            [
              10.002345695216478,
              53.54564134657195
            ],
            [
              10.002600076364576,
              53.54579299354986
            ],
            [
              10.002861852917954,
              53.545921445540905
            ],
            [
              10.00304317936202,
              53.54595092075715
            ],
            [
              10.002774965839972,
              53.54573537016834
            ],
            [
              10.002379276116862,
              53.54556263827894
            ],
            [
              10.001913710282023,
              53.54539140916193
            ],
            [
              10.00104144824043,
              53.54513432665187
            ]
          ]
        ],
        "type": "Polygon"
      },
      "id": "153",
      "properties": {
        "cell_id": 0,
        "idiso": 6
      },
      "type": "Feature"
    },
    {
      "geometry": {
        "coordinates": [
          [
            [
              10.001554538816993,
              53.545735588875544
            ],
            [
              10.001558257292011,
              53.545752149271735
            ],
            [
              10.00156093179009,
              53.545771364424596
            ],
            [
              10.00156383392374,
              53.54582057903289
            ],
            [
              10.001563938246715,
              53.545870051202826
            ],
            [
              10.001560828267541,
              53.54601960188126
            ],
            [
              10.001563992976706,
              53.54602401246023
            ],
            [
              10.001579975143812,
              53.546035201820956
            ],
            [
              10.001584079507339,
              53.546040178835156
            ],
            [
              10.00158248427707,
              53.546047344403696
            ],
            [
              10.001577502959261,
              53.54605632157324
            ],
            [
              10.00157088402271,
              53.5460634403059
            ],
            [
              10.001567506844847,
              53.54606515587165
            ],
            [
              10.001739977709207,
              53.546093274904344
            ],
            [
              10.00174278509285,
              53.546092362581746
            ],
            [
              10.00174894056794,
              53.54607976669315
            ],
            [
              10.001795981745497,
              53.546011810038046
            ],
            [
              10.001815961580569,
              53.54597875688866
            ],
            [
              10.001815393136123,
              53.545976800053026
            ],
            [
              10.001805503133104,
              53.545970168337526
            ],
            [
              10.00180278981964,
              53.545967100170756
            ],
            [
              10.001804082723003,
              53.545942407515
            ],
            [
              10.00181217898181,
              53.54587948658982
            ],
            [
              10.001813510666494,
              53.54585002118834
            ],
            [
              10.001812507676405,
              53.54583660036251
            ],
            [
              10.001809992417616,
              53.54582456776598
            ],
            [
              10.001805665104857,
              53.54581430863324
            ],
            [
              10.001799225952587,
              53.545806208198556
            ],
            [
              10.001554538816993,
              53.545735588875544
            ]
          ]
        ],
        "type": "Polygon"
      },
      "id": "82",
      "properties": {
        "cell_id": 0,
        "idiso": 4
      },
      "type": "Feature"
    },
    {
      "geometry": {
        "coordinates": [
          [
            [
              10.002366075859285,
              53.54567420699218
            ],
            [
              10.002350649176842,
              53.54575030646287
            ],
            [
              10.002022630288174,
              53.546158222526444
            ],
            [
              10.001989144913674,
              53.54625735186225
            ],
            [
              10.00210771893388,
              53.546169519211226
            ],
            [
              10.002353558250253,
              53.54585575298259
            ],
            [
              10.002420166217277,
              53.54581110369129
            ],
            [
              10.002563545859566,
              53.54579009814146
            ],
            [
              10.002366075859285,
              53.54567420699218
            ]
          ]
        ],
        "type": "Polygon"
      },
      "id": "168",
      "properties": {
        "cell_id": 0,
        "idiso": 6
      },
      "type": "Feature"
    },
    {
      "geometry": {
        "coordinates": [
          [
            [
              10.002391621036647,
              53.54627579998518
            ],
            [
              10.002406886519413,
              53.54629084270061
            ],
            [
              10.002414384940307,
              53.54629078427296
            ],
            [
              10.002433151659984,
              53.546284792037454
            ],
            [
              10.002415484253422,
              53.54628551181126
            ],
            [
              10.002409439574494,
              53.546284976803996
            ],
            [
              10.002395251931294,
              53.546270996198906
            ],
            [
              10.002391621036647,
              53.54627579998518
            ]
          ]
        ],
        "type": "Polygon"
      },
      "id": "25",
      "properties": {
        "cell_id": 0,
        "idiso": 1
      },
      "type": "Feature"
    },
    {
      "geometry": {
        "coordinates": [
          [
            [
              10.0024039135261,
              53.54628840147703
            ],
            [
              10.002391621036647,
              53.54627579998518
            ],
            [
              10.002389941837295,
              53.54627802161762
            ],
            [
              10.002405705794276,
              53.546293555532884
            ],
            [
              10.002414384940307,
              53.54629078427296
            ],
            [
              10.002406886519413,
              53.54629084270061
            ],
            [
              10.0024039135261,
              53.54628840147703
            ]
          ]
        ],
        "type": "Polygon"
      },
      "id": "13",
      "properties": {
        "cell_id": 0,
        "idiso": 0
      },
      "type": "Feature"
    },
    {
      "geometry": {
        "coordinates": [
          [
            [
              10.001879159655742,
              53.54658650948127
            ],
            [
              10.001911749694926,
              53.54658181942208
            ],
            [
              10.001906331440011,
              53.546581684372214
            ],
            [
              10.001897936710263,
              53.54658030286879
            ],
            [
              10.001889863232007,
              53.546578038537056
            ],
            [
              10.00188660461849,
              53.546575827702355
            ],
            [
              10.001875632469789,
              53.54651989394865
            ],
            [
              10.001872115737742,
              53.54648645591047
            ],
            [
              10.001872374613505,
              53.54647367862401
            ],
            [
              10.001874118255067,
              53.54646260134722
            ],
            [
              10.001881153513773,
              53.546445723036484
            ],
            [
              10.00189296499097,
              53.54642595037062
            ],
            [
              10.001911399029575,
              53.54639981425187
            ],
            [
              10.001985755402593,
              53.54630561016794
            ],
            [
              10.002027855943435,
              53.54625792253053
            ],
            [
              10.002065529899808,
              53.54622228631949
            ],
            [
              10.001979451461633,
              53.54628604804887
            ],
            [
              10.001847182669874,
              53.54645196317243
            ],
            [
              10.001879159655742,
              53.54658650948127
            ]
          ]
        ],
        "type": "Polygon"
      },
      "id": "158",
      "properties": {
        "cell_id": 0,
        "idiso": 6
      },
      "type": "Feature"
    },
    {
      "geometry": {
        "coordinates": [
          [
            [
              10.001637574370417,
              53.54642564004201
            ],
            [
              10.001716124794504,
              53.54644177168082
            ],
            [
              10.001767676627399,
              53.546453801740604
            ],
            [
              10.001771547402665,
              53.54645554957653
            ],
            [
              10.001777483261597,
              53.546462096669174
            ],
            [
              10.001787110091147,
              53.54648182614008
            ],
            [
              10.001853840962042,
              53.546576175236225
            ],
            [
              10.001825313601874,
              53.54645614327056
            ],
            [
              10.001385167052366,
              53.546378736293775
            ],
            [
              10.001637574370417,
              53.54642564004201
            ]
          ]
        ],
        "type": "Polygon"
      },
      "id": "154",
      "properties": {
        "cell_id": 0,
        "idiso": 6
      },
      "type": "Feature"
    },
    {
      "geometry": {
        "coordinates": [
          [
            [
              10.000694010645049,
              53.54489762160674
            ],
            [
              10.000696083049956,
              53.54489951117305
            ],
            [
              10.000695522554622,
              53.54490240373024
            ],
            [
              10.000680094954216,
              53.54492195792894
            ],
            [
              10.000679858089242,
              53.54492489636159
            ],
            [
              10.000681204644483,
              53.5449279773169
            ],
            [
              10.000689301181337,
              53.54494250313187
            ],
            [
              10.000700544840765,
              53.544959349082596
            ],
            [
              10.000739655082114,
              53.545010735149965
            ],
            [
              10.000752065764637,
              53.54501576257746
            ],
            [
              10.000752807991333,
              53.545016836320436
            ],
            [
              10.000742277829968,
              53.54502481514297
            ],
            [
              10.00072265789434,
              53.545035010721335
            ],
            [
              10.000848370862627,
              53.545043857253425
            ],
            [
              10.000819008715322,
              53.54499134854206
            ],
            [
              10.000835447847464,
              53.54493981064582
            ],
            [
              10.000694010645049,
              53.54489762160674
            ]
          ]
        ],
        "type": "Polygon"
      },
      "id": "201",
      "properties": {
        "cell_id": 0,
        "idiso": 7
      },
      "type": "Feature"
    },
    {
      "geometry": {
        "coordinates": [
          [
            [
              10.000841791541363,
              53.54499066323916
            ],
            [
              10.000872839575578,
              53.54504262065316
            ],
            [
              10.000961128597773,
              53.545022037301344
            ],
            [
              10.001006898713847,
              53.54499168425883
            ],
            [
              10.000856914686794,
              53.54494643719411
            ],
            [
              10.000841791541363,
              53.54499066323916
            ]
          ]
        ],
        "type": "Polygon"
      },
      "id": "203",
      "properties": {
        "cell_id": 0,
        "idiso": 7
      },
      "type": "Feature"
    },
    {
      "geometry": {
        "coordinates": [
          [
            [
              10.001265914746103,
              53.545095709536774
            ],
            [
              10.001270064502974,
              53.545092949508906
            ],
            [
              10.001286244698353,
              53.54507833256339
            ],
            [
              10.00129021254192,
              53.54507648061629
            ],
            [
              10.001294160505172,
              53.545076428184046
            ],
            [
              10.001028470695964,
              53.5449980621936
            ],
            [
              10.000974071660849,
              53.54503317448063
            ],
            [
              10.000887385515437,
              53.545054282577546
            ],
            [
              10.00097578040627,
              53.545102800268516
            ],
            [
              10.00099023601427,
              53.545107017577436
            ],
            [
              10.000987005354652,
              53.54510491034266
            ],
            [
              10.000986985951037,
              53.54510400599993
            ],
            [
              10.000989891575035,
              53.54510247204439
            ],
            [
              10.001000868826136,
              53.54510078647702
            ],
            [
              10.001018601035172,
              53.54509972501389
            ],
            [
              10.001068986038598,
              53.54509895989182
            ],
            [
              10.001210804053558,
              53.54509910180426
            ],
            [
              10.001243308531176,
              53.54509826593672
            ],
            [
              10.001261712105642,
              53.54509703328205
            ],
            [
              10.001265914746103,
              53.545095709536774
            ]
          ]
        ],
        "type": "Polygon"
      },
      "id": "204",
      "properties": {
        "cell_id": 0,
        "idiso": 7
      },
      "type": "Feature"
    },
    {
      "geometry": {
        "coordinates": [
          [
            [
              10.000902192621705,
              53.54508387633817
            ],
            [
              10.000858293381368,
              53.545057290534096
            ],
            [
              10.000795960360975,
              53.545056556041864
            ],
            [
              10.000902192621705,
              53.54508387633817
            ]
          ]
        ],
        "type": "Polygon"
      },
      "id": "206",
      "properties": {
        "cell_id": 0,
        "idiso": 7
      },
      "type": "Feature"
    },
    {
      "geometry": {
        "coordinates": [
          [
            [
              10.002303224790397,
              53.54567682884988
            ],
            [
              10.002197172724024,
              53.545804418449464
            ],
            [
              10.00220028609834,
              53.54580403543838
            ],
            [
              10.002204952717422,
              53.545805539891795
            ],
            [
              10.00221568373473,
              53.54581206964793
            ],
            [
              10.002222841861666,
              53.545819724630974
            ],
            [
              10.00222304236592,
              53.54582263561835
            ],
            [
              10.002195110045067,
              53.545867849447205
            ],
            [
              10.002152444110033,
              53.545931073646734
            ],
            [
              10.002011002096177,
              53.54613081384394
            ],
            [
              10.002000726710587,
              53.54614385999594
            ],
            [
              10.001991458162935,
              53.54616490627387
            ],
            [
              10.001958772090214,
              53.54624829871014
            ],
            [
              10.001954469068203,
              53.54625776426186
            ],
            [
              10.001945915972344,
              53.54627191454934
            ],
            [
              10.001936489937977,
              53.54628471819341
            ],
            [
              10.001878717038002,
              53.546350783171555
            ],
            [
              10.001837740630258,
              53.54639538875405
            ],
            [
              10.001818925036421,
              53.54641366704583
            ],
            [
              10.001808598580109,
              53.54641851028849
            ],
            [
              10.001803056517542,
              53.54642002249205
            ],
            [
              10.001798309399753,
              53.546420294825936
            ],
            [
              10.00177000987295,
              53.54641671709168
            ],
            [
              10.00164606012837,
              53.546400001253055
            ],
            [
              10.001503502787182,
              53.5463796265363
            ],
            [
              10.001356034992762,
              53.546357563690684
            ],
            [
              10.001241155072098,
              53.54633936880947
            ],
            [
              10.001829415633111,
              53.54644280702287
            ],
            [
              10.001958348797027,
              53.546280163733314
            ],
            [
              10.00200293647637,
              53.54614816764966
            ],
            [
              10.002329951081803,
              53.54574470531901
            ],
            [
              10.00235022553352,
              53.54568755905683
            ],
            [
              10.002329501133651,
              53.54565414437261
            ],
            [
              10.002108970156852,
              53.545559329747576
            ],
            [
              10.000128505327938,
              53.54496761323076
            ],
            [
              10.000129777458302,
              53.5450215744232
            ],
            [
              10.000221987766647,
              53.54504708213829
            ],
            [
              10.000351312969762,
              53.54508475943265
            ],
            [
              10.000490117551104,
              53.54512666780261
            ],
            [
              10.000597148993037,
              53.54516035537212
            ],
            [
              10.000607061246555,
              53.5451655922649
            ],
            [
              10.00061826604876,
              53.54517370412102
            ],
            [
              10.00062585369048,
              53.54518074381246
            ],
            [
              10.000626756790336,
              53.54518262811926
            ],
            [
              10.000624914456994,
              53.545182764212235
            ],
            [
              10.002303224790397,
              53.54567682884988
            ]
          ]
        ],
        "type": "Polygon"
      },
      "id": "155",
      "properties": {
        "cell_id": 0,
        "idiso": 6
      },
      "type": "Feature"
    },
    {
      "geometry": {
        "coordinates": [
          [
            [
              10.00085547764539,
              53.545932311590875
            ],
            [
              10.000842240701758,
              53.54594167136071
            ],
            [
              10.000834252293467,
              53.54594559218819
            ],
            [
              10.001440686290435,
              53.54604447535951
            ],
            [
              10.001480082817222,
              53.54603919965531
            ],
            [
              10.001482510553465,
              53.54603552656593
            ],
            [
              10.001484870064422,
              53.54602423262192
            ],
            [
              10.001481110572184,
              53.545817029954
            ],
            [
              10.001477162119246,
              53.54571325697963
            ],
            [
              10.001465144644264,
              53.54570978857738
            ],
            [
              10.001414504548606,
              53.54571137476564
            ],
            [
              10.00138587120989,
              53.54568646279741
            ],
            [
              10.001132025389323,
              53.545611798307455
            ],
            [
              10.001124484426224,
              53.5456294943321
            ],
            [
              10.001109606304679,
              53.54565410594488
            ],
            [
              10.001089454217087,
              53.545682028385386
            ],
            [
              10.001061681457324,
              53.54571670006034
            ],
            [
              10.001022778011519,
              53.545761974853896
            ],
            [
              10.000913093549055,
              53.545885470968955
            ],
            [
              10.000892961412113,
              53.545900131620414
            ],
            [
              10.00085547764539,
              53.545932311590875
            ]
          ]
        ],
        "type": "Polygon"
      },
      "id": "40",
      "properties": {
        "cell_id": 0,
        "idiso": 2
      },
      "type": "Feature"
    },
    {
      "geometry": {
        "coordinates": [
          [
            [
              10.001477162119246,
              53.54571325697963
            ],
            [
              10.001481110572179,
              53.54581702995403
            ],
            [
              10.001484870064422,
              53.54602423262192
            ],
            [
              10.001482510553462,
              53.54603552656594
            ],
            [
              10.001480082817222,
              53.54603919965531
            ],
            [
              10.001485761268572,
              53.546038439236106
            ],
            [
              10.001519396877999,
              53.54605731214363
            ],
            [
              10.001567506844847,
              53.54606515587165
            ],
            [
              10.00157088402271,
              53.5460634403059
            ],
            [
              10.001577502959261,
              53.54605632157324
            ],
            [
              10.00158248427707,
              53.546047344403696
            ],
            [
              10.001584079507339,
              53.546040178835156
            ],
            [
              10.001579975143812,
              53.546035201820956
            ],
            [
              10.001563992976706,
              53.54602401246023
            ],
            [
              10.001560828267541,
              53.54601960188126
            ],
            [
              10.001563938246711,
              53.54587005120285
            ],
            [
              10.001563833923734,
              53.54582057903293
            ],
            [
              10.001560931790085,
              53.545771364424624
            ],
            [
              10.001558257292006,
              53.54575214927178
            ],
            [
              10.001554538816993,
              53.545735588875544
            ],
            [
              10.001477162119246,
              53.54571325697963
            ]
          ]
        ],
        "type": "Polygon"
      },
      "id": "62",
      "properties": {
        "cell_id": 0,
        "idiso": 3
      },
      "type": "Feature"
    },
    {
      "geometry": {
        "coordinates": [
          [
            [
              10.002222841861668,
              53.545819724631
            ],
            [
              10.00221568373473,
              53.54581206964796
            ],
            [
              10.002204952717426,
              53.545805539891795
            ],
            [
              10.00220028609834,
              53.54580403543839
            ],
            [
              10.002197172724024,
              53.545804418449464
            ],
            [
              10.002118979219391,
              53.54589849129585
            ],
            [
              10.001799225952587,
              53.545806208198556
            ],
            [
              10.00180566510486,
              53.54581430863324
            ],
            [
              10.001809992417616,
              53.54582456776598
            ],
            [
              10.001812507676407,
              53.54583660036251
            ],
            [
              10.001813510666496,
              53.54585002118834
            ],
            [
              10.00181217898181,
              53.54587948658982
            ],
            [
              10.001804082723003,
              53.545942407515
            ],
            [
              10.00180278981964,
              53.545967100170756
            ],
            [
              10.001805503133104,
              53.545970168337526
            ],
            [
              10.001815393136123,
              53.545976800053026
            ],
            [
              10.001815961580569,
              53.54597875688866
            ],
            [
              10.0017959817455,
              53.54601181003804
            ],
            [
              10.00174894056794,
              53.54607976669315
            ],
            [
              10.001744838959159,
              53.546089681981314
            ],
            [
              10.00174278509285,
              53.546092362581746
            ],
            [
              10.001739977709207,
              53.546093274904344
            ],
            [
              10.001943117217767,
              53.54612639367533
            ],
            [
              10.001799505948815,
              53.54631325973983
            ],
            [
              10.001692324158968,
              53.54634359096667
            ],
            [
              10.000155024767608,
              53.54609247786394
            ],
            [
              10.000156348173135,
              53.54614861023958
            ],
            [
              10.00124653642707,
              53.54634025651639
            ],
            [
              10.001393198808778,
              53.54636322734046
            ],
            [
              10.00156781499166,
              53.54638893594109
            ],
            [
              10.001745148628636,
              53.54641347684931
            ],
            [
              10.001798309399753,
              53.546420294825936
            ],
            [
              10.001803056517542,
              53.54642002249204
            ],
            [
              10.001808598580107,
              53.54641851028846
            ],
            [
              10.001818925036421,
              53.54641366704581
            ],
            [
              10.001831156008217,
              53.54640221972656
            ],
            [
              10.00189028359623,
              53.5463377888447
            ],
            [
              10.001936489937977,
              53.54628471819341
            ],
            [
              10.001943434783618,
              53.54627555338837
            ],
            [
              10.001952701757402,
              53.54626099172921
            ],
            [
              10.00195728324579,
              53.54625173881604
            ],
            [
              10.001993071530777,
              53.54616089530216
            ],
            [
              10.002000726710587,
              53.54614385999594
            ],
            [
              10.002011002096177,
              53.54613081384394
            ],
            [
              10.002152444110038,
              53.54593107364676
            ],
            [
              10.00219511004507,
              53.54586784944722
            ],
            [
              10.00222304236592,
              53.54582263561835
            ],
            [
              10.002222841861668,
              53.545819724631
            ]
          ]
        ],
        "type": "Polygon"
      },
      "id": "122",
      "properties": {
        "cell_id": 0,
        "idiso": 5
      },
      "type": "Feature"
    },
    {
      "geometry": {
        "coordinates": [
          [
            [
              10.001787110091147,
              53.54648182614008
            ],
            [
              10.001777483261598,
              53.54646209666918
            ],
            [
              10.001771547402667,
              53.54645554957653
            ],
            [
              10.001767676627399,
              53.546453801740604
            ],
            [
              10.001728798530769,
              53.54644456649008
            ],
            [
              10.001682011743334,
              53.54643456331857
            ],
            [
              10.001543482140963,
              53.54640773385474
            ],
            [
              10.001385167052366,
              53.546378736293775
            ],
            [
              10.00097393391475,
              53.5463064124902
            ],
            [
              10.000889606375532,
              53.54648727934057
            ],
            [
              10.001606897738421,
              53.54661052693615
            ],
            [
              10.001856910791735,
              53.54658909183586
            ],
            [
              10.001853840962042,
              53.546576175236225
            ],
            [
              10.001787110091147,
              53.54648182614008
            ]
          ],
          [
            [
              10.001013392329611,
              53.546337521556694
            ],
            [
              10.001712729371977,
              53.54645156945564
            ],
            [
              10.001659315749214,
              53.546567737443986
            ],
            [
              10.001606803882163,
              53.546559312262886
            ],
            [
              10.00160079957931,
              53.54656305014793
            ],
            [
              10.001588153058435,
              53.546568393882815
            ],
            [
              10.00156739302188,
              53.54657548217113
            ],
            [
              10.001559468769853,
              53.5465769639688
            ],
            [
              10.001555383190066,
              53.54658597830961
            ],
            [
              10.001039880127903,
              53.54650305379847
            ],
            [
              10.001043615221231,
              53.54649481890753
            ],
            [
              10.001030520917046,
              53.546489168055835
            ],
            [
              10.001012150145037,
              53.54647814832411
            ],
            [
              10.000996042470543,
              53.54646683567099
            ],
            [
              10.000989737444405,
              53.546460306058925
            ],
            [
              10.000960021073606,
              53.54645553807639
            ],
            [
              10.001013392329611,
              53.546337521556694
            ]
          ]
        ],
        "type": "Polygon"
      },
      "id": "124",
      "properties": {
        "cell_id": 0,
        "idiso": 5
      },
      "type": "Feature"
    },
    {
      "geometry": {
        "coordinates": [
          [
            [
              10.000996042470542,
              53.54646683567099
            ],
            [
              10.001012150145035,
              53.54647814832411
            ],
            [
              10.001030520917043,
              53.546489168055835
            ],
            [
              10.001043615221231,
              53.54649481890753
            ],
            [
              10.001054552289606,
              53.5464707055514
            ],
            [
              10.000989737444405,
              53.546460306058925
            ],
            [
              10.000996042470542,
              53.54646683567099
            ]
          ]
        ],
        "type": "Polygon"
      },
      "id": "86",
      "properties": {
        "cell_id": 0,
        "idiso": 4
      },
      "type": "Feature"
    },
    {
      "geometry": {
        "coordinates": [
          [
            [
              10.000518321084638,
              53.54547014576889
            ],
            [
              10.000527506265053,
              53.54546239455081
            ],
            [
              10.000538986848516,
              53.54544918726248
            ],
            [
              10.0005417236644,
              53.545443568951185
            ],
            [
              10.000508778146978,
              53.54544442342769
            ],
            [
              10.000480151937888,
              53.545420052464415
            ],
            [
              10.000136790407382,
              53.54531904636671
            ],
            [
              10.000139959037096,
              53.5454534500496
            ],
            [
              10.00014679529594,
              53.54545560736912
            ],
            [
              10.000160837499386,
              53.54545735823983
            ],
            [
              10.000178753782365,
              53.54545757206184
            ],
            [
              10.000199788933429,
              53.54545652455191
            ],
            [
              10.000248194994269,
              53.54545174840478
            ],
            [
              10.00035672285001,
              53.54543838488505
            ],
            [
              10.000383829335847,
              53.54543610482182
            ],
            [
              10.000400664353531,
              53.54543580376594
            ],
            [
              10.000413636549697,
              53.5454371034395
            ],
            [
              10.000435557100216,
              53.545440902103174
            ],
            [
              10.00046666690218,
              53.54544877899199
            ],
            [
              10.000475289119969,
              53.54545306311581
            ],
            [
              10.000499384904977,
              53.545469381334925
            ],
            [
              10.000507432610105,
              53.54547324000923
            ],
            [
              10.00051061910145,
              53.54547366192428
            ],
            [
              10.000518321084638,
              53.54547014576889
            ]
          ]
        ],
        "type": "Polygon"
      },
      "id": "4",
      "properties": {
        "cell_id": 0,
        "idiso": 0
      },
      "type": "Feature"
    },
    {
      "geometry": {
        "coordinates": [
          [
            [
              10.000140643883245,
              53.545482499007704
            ],
            [
              10.000518167002015,
              53.545593539091136
            ],
            [
              10.00047359797323,
              53.54564927141067
            ],
            [
              10.00039090067892,
              53.54562580948624
            ],
            [
              10.000385761228186,
              53.54563487407378
            ],
            [
              10.00036808473437,
              53.54565772641658
            ],
            [
              10.000362786801576,
              53.54566717883034
            ],
            [
              10.000344025985491,
              53.545711394927025
            ],
            [
              10.000304728195921,
              53.5458103163065
            ],
            [
              10.000294349225978,
              53.545841389082646
            ],
            [
              10.000290670802835,
              53.545849108239345
            ],
            [
              10.000286670255667,
              53.54585361018577
            ],
            [
              10.000293301389103,
              53.54585739657682
            ],
            [
              10.000704372152871,
              53.54592441442212
            ],
            [
              10.0007527818046,
              53.545917059600896
            ],
            [
              10.000788130439318,
              53.54593807156237
            ],
            [
              10.000834252293467,
              53.54594559218819
            ],
            [
              10.000838133091714,
              53.54594391908571
            ],
            [
              10.00085547764539,
              53.545932311590875
            ],
            [
              10.000889616756579,
              53.54590279191874
            ],
            [
              10.000913093549055,
              53.545885470968955
            ],
            [
              10.001018767624595,
              53.54576651817289
            ],
            [
              10.001065365953023,
              53.54571225310852
            ],
            [
              10.001098650812159,
              53.54566972090569
            ],
            [
              10.00112084969926,
              53.54563612957456
            ],
            [
              10.001127579418242,
              53.54562321169144
            ],
            [
              10.001132025389323,
              53.545611798307455
            ],
            [
              10.001007404832706,
              53.545575142966534
            ],
            [
              10.000960390133937,
              53.54557578143323
            ],
            [
              10.000932660109216,
              53.54555314970332
            ],
            [
              10.000558628930897,
              53.54544313049185
            ],
            [
              10.0005417236644,
              53.545443568951185
            ],
            [
              10.000538986848516,
              53.545449187262484
            ],
            [
              10.000527506265053,
              53.54546239455082
            ],
            [
              10.000518321084638,
              53.5454701457689
            ],
            [
              10.00051061910145,
              53.54547366192428
            ],
            [
              10.000507432610105,
              53.54547324000923
            ],
            [
              10.000499384904977,
              53.545469381334925
            ],
            [
              10.000475289119969,
              53.54545306311581
            ],
            [
              10.00046666690218,
              53.54544877899199
            ],
            [
              10.000435557100216,
              53.545440902103174
            ],
            [
              10.000413636549695,
              53.5454371034395
            ],
            [
              10.00040066435353,
              53.54543580376594
            ],
            [
              10.000383829335847,
              53.54543610482182
            ],
            [
              10.00035672285001,
              53.54543838488505
            ],
            [
              10.000248194994269,
              53.54545174840478
            ],
            [
              10.000199788933429,
              53.54545652455191
            ],
            [
              10.000178753782365,
              53.54545757206184
            ],
            [
              10.000160837499386,
              53.54545735823983
            ],
            [
              10.00014679529594,
              53.54545560736912
            ],
            [
              10.000139959037096,
              53.5454534500496
            ],
            [
              10.000140643883245,
              53.545482499007704
            ]
          ]
        ],
        "type": "Polygon"
      },
      "id": "19",
      "properties": {
        "cell_id": 0,
        "idiso": 1
      },
      "type": "Feature"
    },
    {
      "geometry": {
        "coordinates": [
          [
            [
              10.000385761228188,
              53.54563487407378
            ],
            [
              10.00039090067892,
              53.54562580948624
            ],
            [
              10.00037603048825,
              53.54562159067805
            ],
            [
              10.000339432403571,
              53.54566732879236
            ],
            [
              10.000144266112951,
              53.545636141428545
            ],
            [
              10.000148927474207,
              53.545833858114186
            ],
            [
              10.000210524321448,
              53.545843900172876
            ],
            [
              10.00025803635186,
              53.545837260154855
            ],
            [
              10.000286670255667,
              53.54585361018577
            ],
            [
              10.000290670802839,
              53.545849108239345
            ],
            [
              10.000294349225982,
              53.545841389082646
            ],
            [
              10.000304728195921,
              53.5458103163065
            ],
            [
              10.000345863782636,
              53.54570687620437
            ],
            [
              10.000364261357884,
              53.54566398706892
            ],
            [
              10.000385761228188,
              53.54563487407378
            ]
          ]
        ],
        "type": "Polygon"
      },
      "id": "5",
      "properties": {
        "cell_id": 0,
        "idiso": 0
      },
      "type": "Feature"
    },
    {
      "geometry": {
        "coordinates": [
          [
            [
              10.000866636387682,
              53.54639379829629
            ],
            [
              10.000875034505675,
              53.54642397307817
            ],
            [
              10.000828669095089,
              53.546442794968954
            ],
            [
              10.00077650984219,
              53.546431400136306
            ],
            [
              10.000776390953513,
              53.54643224339938
            ],
            [
              10.00077241767589,
              53.54643307648566
            ],
            [
              10.000735803179383,
              53.54643718224811
            ],
            [
              10.000712380566473,
              53.54644452698978
            ],
            [
              10.000706483819746,
              53.54644579556979
            ],
            [
              10.000701404613908,
              53.54644597923326
            ],
            [
              10.000639876315331,
              53.54643842446888
            ],
            [
              10.000558231769537,
              53.54642721982664
            ],
            [
              10.000295550656844,
              53.54638843160156
            ],
            [
              10.00086782917899,
              53.54648359836342
            ],
            [
              10.000952220522263,
              53.546302594347
            ],
            [
              10.00015668097133,
              53.54616272587785
            ],
            [
              10.000157511235548,
              53.54619794148954
            ],
            [
              10.000900956567436,
              53.546319179832615
            ],
            [
              10.000866636387682,
              53.54639379829629
            ]
          ]
        ],
        "type": "Polygon"
      },
      "id": "123",
      "properties": {
        "cell_id": 0,
        "idiso": 5
      },
      "type": "Feature"
    },
    {
      "geometry": {
        "coordinates": [
          [
            [
              10.000161227303394,
              53.54635555739028
            ],
            [
              10.000161476699157,
              53.54636613538305
            ],
            [
              10.000295550656844,
              53.54638843160156
            ],
            [
              10.0005345424771,
              53.54642383719738
            ],
            [
              10.000672594595793,
              53.546442594239274
            ],
            [
              10.000701404613908,
              53.54644597923326
            ],
            [
              10.000706483819746,
              53.54644579556979
            ],
            [
              10.000735803179383,
              53.54643718224811
            ],
            [
              10.00077241767589,
              53.54643307648566
            ],
            [
              10.000776390953513,
              53.54643224339938
            ],
            [
              10.00077650984219,
              53.546431400136306
            ],
            [
              10.000648272206224,
              53.5464033849187
            ],
            [
              10.000635729938733,
              53.54643113384153
            ],
            [
              10.000161227303394,
              53.54635555739028
            ]
          ]
        ],
        "type": "Polygon"
      },
      "id": "84",
      "properties": {
        "cell_id": 0,
        "idiso": 4
      },
      "type": "Feature"
    },
    {
      "geometry": {
        "coordinates": [
          [
            [
              10.000161809470097,
              53.54638024968035
            ],
            [
              10.000162659736267,
              53.54641631320061
            ],
            [
              10.000185181235521,
              53.54641917663359
            ],
            [
              10.00021573472155,
              53.5464217254248
            ],
            [
              10.000300185284011,
              53.546426104297105
            ],
            [
              10.00039666736069,
              53.54642836122926
            ],
            [
              10.0004243363603,
              53.546428055062485
            ],
            [
              10.000434676723446,
              53.546426807920874
            ],
            [
              10.000161809470097,
              53.54638024968035
            ]
          ]
        ],
        "type": "Polygon"
      },
      "id": "85",
      "properties": {
        "cell_id": 0,
        "idiso": 4
      },
      "type": "Feature"
    },
    {
      "geometry": {
        "coordinates": [
          [
            [
              10.000187795108017,
              53.54702269922774
            ],
            [
              10.000355046979333,
              53.5470677847476
            ],
            [
              10.000176624184004,
              53.547008595516054
            ],
            [
              10.00017694427429,
              53.547022171445576
            ],
            [
              10.000187795108017,
              53.54702269922774
            ]
          ]
        ],
        "type": "Polygon"
      },
      "id": "140",
      "properties": {
        "cell_id": 0,
        "idiso": 5
      },
      "type": "Feature"
    },
    {
      "geometry": {
        "coordinates": [
          [
            [
              10.000179522202052,
              53.54713150820948
            ],
            [
              10.000296399036905,
              53.54715981522262
            ],
            [
              10.000665486615928,
              53.54728197804694
            ],
            [
              10.00068463358804,
              53.54717711929024
            ],
            [
              10.000355046979333,
              53.5470677847476
            ],
            [
              10.000187795108017,
              53.54702269922774
            ],
            [
              10.00017694427429,
              53.547022171445576
            ],
            [
              10.000179522202052,
              53.54713150820948
            ]
          ]
        ],
        "type": "Polygon"
      },
      "id": "156",
      "properties": {
        "cell_id": 0,
        "idiso": 6
      },
      "type": "Feature"
    },
    {
      "geometry": {
        "coordinates": [
          [
            [
              10.00041234776306,
              53.547287913635365
            ],
            [
              10.00050944600954,
              53.547350307273504
            ],
            [
              10.000532175934516,
              53.54735341082637
            ],
            [
              10.000561646694562,
              53.547354322156195
            ],
            [
              10.000602566740946,
              53.547353381248556
            ],
            [
              10.000666724827266,
              53.54734975100697
            ],
            [
              10.000690873300387,
              53.547346585391175
            ],
            [
              10.000750054168213,
              53.54733548631124
            ],
            [
              10.000779030545097,
              53.54733238294365
            ],
            [
              10.00074716931775,
              53.547325073168814
            ],
            [
              10.000179892616327,
              53.54714721840368
            ],
            [
              10.000180702584975,
              53.547181571144364
            ],
            [
              10.00041234776306,
              53.547287913635365
            ]
          ]
        ],
        "type": "Polygon"
      },
      "id": "162",
      "properties": {
        "cell_id": 0,
        "idiso": 6
      },
      "type": "Feature"
    },
    {
      "geometry": {
        "coordinates": [
          [
            [
              10.000185522140658,
              53.54738597875575
            ],
            [
              10.000187736506373,
              53.54738804069168
            ],
            [
              10.000199074388055,
              53.54738998062023
            ],
            [
              10.000236164492543,
              53.54739043711464
            ],
            [
              10.000359994635426,
              53.547407692527095
            ],
            [
              10.000390685060726,
              53.54741122664061
            ],
            [
              10.00041822531691,
              53.54741332218607
            ],
            [
              10.000435732665967,
              53.547413592258245
            ],
            [
              10.00044554460304,
              53.54741278349329
            ],
            [
              10.000456114589381,
              53.54740979423275
            ],
            [
              10.000473479004857,
              53.54740199253129
            ],
            [
              10.000495841701172,
              53.54738861320817
            ],
            [
              10.000514795381848,
              53.547373996346984
            ],
            [
              10.000498078940902,
              53.54735697006898
            ],
            [
              10.000181122935832,
              53.54719939921871
            ],
            [
              10.000185522140658,
              53.54738597875575
            ]
          ]
        ],
        "type": "Polygon"
      },
      "id": "163",
      "properties": {
        "cell_id": 0,
        "idiso": 6
      },
      "type": "Feature"
    },
    {
      "geometry": {
        "coordinates": [
          [
            [
              10.002497844547154,
              53.54587181386813
            ],
            [
              10.002491574754325,
              53.54587163707142
            ],
            [
              10.002473353957493,
              53.545874172159984
            ],
            [
              10.002439495099809,
              53.54588144839363
            ],
            [
              10.002412671172271,
              53.54588871842479
            ],
            [
              10.002396569233222,
              53.5458939529944
            ],
            [
              10.00238342345735,
              53.5458992020772
            ],
            [
              10.002374546662685,
              53.545904212137316
            ],
            [
              10.002364607830904,
              53.545912159062865
            ],
            [
              10.002347123479401,
              53.545927623008694
            ],
            [
              10.00232498068979,
              53.54594919716587
            ],
            [
              10.002274940402046,
              53.54600310173567
            ],
            [
              10.00217302404892,
              53.54612083581895
            ],
            [
              10.002133313108303,
              53.54617207641792
            ],
            [
              10.002062578705694,
              53.54622476646592
            ],
            [
              10.00203074630652,
              53.54625494766029
            ],
            [
              10.002002950769429,
              53.54628547412127
            ],
            [
              10.001979864129655,
              53.546312823890716
            ],
            [
              10.001911399029575,
              53.54639981425187
            ],
            [
              10.001887759576617,
              53.54643415386172
            ],
            [
              10.001876270501453,
              53.54645618264087
            ],
            [
              10.001872374613503,
              53.54647367862402
            ],
            [
              10.001872622677565,
              53.546495655977296
            ],
            [
              10.00187644592479,
              53.54652479619356
            ],
            [
              10.00188660461849,
              53.546575827702355
            ],
            [
              10.001889863232007,
              53.54657803853705
            ],
            [
              10.001897936710263,
              53.54658030286879
            ],
            [
              10.001906331440011,
              53.546581684372214
            ],
            [
              10.001911749694926,
              53.54658181942208
            ],
            [
              10.002055439079072,
              53.54656114084722
            ],
            [
              10.002739222607364,
              53.5463528345484
            ],
            [
              10.00274953108751,
              53.54636483764991
            ],
            [
              10.002073060380152,
              53.546572475100874
            ],
            [
              10.001596509810984,
              53.54662503868785
            ],
            [
              10.000434676723446,
              53.546426807920874
            ],
            [
              10.0004243363603,
              53.54642805506246
            ],
            [
              10.00039666736069,
              53.546428361229225
            ],
            [
              10.000300185284011,
              53.54642610429707
            ],
            [
              10.00021573472155,
              53.54642172542477
            ],
            [
              10.00018518123552,
              53.546419176633556
            ],
            [
              10.000162659736267,
              53.54641631320061
            ],
            [
              10.000176257006695,
              53.546993022479796
            ],
            [
              10.000449546336217,
              53.54708246436527
            ],
            [
              10.000490973286428,
              53.54708389024202
            ],
            [
              10.000547890925075,
              53.54708342039042
            ],
            [
              10.000611702115451,
              53.54708084576642
            ],
            [
              10.000670470656212,
              53.54707697682928
            ],
            [
              10.000729548076066,
              53.547071698085254
            ],
            [
              10.000786615511872,
              53.547065103648976
            ],
            [
              10.000839354102729,
              53.547057287639554
            ],
            [
              10.000879355466912,
              53.54704968727702
            ],
            [
              10.000913012534154,
              53.5470413178578
            ],
            [
              10.000958187674929,
              53.54702616687705
            ],
            [
              10.001013250218271,
              53.54700444249649
            ],
            [
              10.001072434828515,
              53.54697853968476
            ],
            [
              10.001128244894009,
              53.54695249777913
            ],
            [
              10.001198425183931,
              53.54691827951353
            ],
            [
              10.001464615710935,
              53.546784172857436
            ],
            [
              10.001522992552552,
              53.54675634338233
            ],
            [
              10.001565710961513,
              53.54673754113225
            ],
            [
              10.001596194543376,
              53.54672892093606
            ],
            [
              10.001682517835626,
              53.546711100595466
            ],
            [
              10.00170923931565,
              53.54670379084451
            ],
            [
              10.001759338859776,
              53.546686245911076
            ],
            [
              10.001902525622434,
              53.5466316779598
            ],
            [
              10.001940828711163,
              53.54661851028454
            ],
            [
              10.00197033528455,
              53.54660943885022
            ],
            [
              10.001998286337187,
              53.54660212363681
            ],
            [
              10.00201792572156,
              53.54659804297959
            ],
            [
              10.002041942235001,
              53.54659481408444
            ],
            [
              10.002058052080782,
              53.54659428161091
            ],
            [
              10.002072295001385,
              53.54659556577442
            ],
            [
              10.00208445843707,
              53.54659884416715
            ],
            [
              10.002107411263303,
              53.546609040076476
            ],
            [
              10.00213541893652,
              53.546624266532305
            ],
            [
              10.002160349614451,
              53.54663990962263
            ],
            [
              10.002190354303282,
              53.54666086011926
            ],
            [
              10.002248111327843,
              53.54670628120077
            ],
            [
              10.002298332005001,
              53.5467498725465
            ],
            [
              10.002353659622155,
              53.546801052731595
            ],
            [
              10.002417744283731,
              53.54686315047934
            ],
            [
              10.002574303508108,
              53.54701850641764
            ],
            [
              10.002617847595786,
              53.54705957630981
            ],
            [
              10.002642137516197,
              53.547080517628736
            ],
            [
              10.00265492620964,
              53.54708023127665
            ],
            [
              10.002730031393325,
              53.54708482890798
            ],
            [
              10.002645103800937,
              53.54707626287655
            ],
            [
              10.003827719597261,
              53.54671898145563
            ],
            [
              10.004072821502657,
              53.54687082333279
            ],
            [
              10.004151504958129,
              53.546914180732486
            ],
            [
              10.004405074815008,
              53.547049904594274
            ],
            [
              10.004552861710176,
              53.54713827898848
            ],
            [
              10.00455402413442,
              53.547135973795804
            ],
            [
              10.004551347973806,
              53.54711677511806
            ],
            [
              10.004560229070309,
              53.54710760407343
            ],
            [
              10.004563086546788,
              53.54710300142819
            ],
            [
              10.004563171804927,
              53.5471001659926
            ],
            [
              10.004560723368666,
              53.54709727368591
            ],
            [
              10.004535651558633,
              53.547070890134606
            ],
            [
              10.004513028014507,
              53.547050476946744
            ],
            [
              10.004484597939118,
              53.54702991442567
            ],
            [
              10.00440236595735,
              53.54697377486379
            ],
            [
              10.004370719224873,
              53.54694953895423
            ],
            [
              10.004364140678609,
              53.54693960232708
            ],
            [
              10.004355082281217,
              53.5469146741326
            ],
            [
              10.004351938126879,
              53.54690966415424
            ],
            [
              10.004338510299135,
              53.54691832768372
            ],
            [
              10.004324511067132,
              53.54695687105174
            ],
            [
              10.004345923193158,
              53.54698762828914
            ],
            [
              10.004536705720845,
              53.5471042290705
            ],
            [
              10.004520493304158,
              53.54711363842805
            ],
            [
              10.00432667706296,
              53.5469951834937
            ],
            [
              10.004300889190326,
              53.54695814073065
            ],
            [
              10.004317689960267,
              53.546911884098904
            ],
            [
              10.004336007653274,
              53.546900065670506
            ],
            [
              10.004320155471369,
              53.54689105946686
            ],
            [
              10.004265766949063,
              53.54686691469913
            ],
            [
              10.00424666262184,
              53.546857442364825
            ],
            [
              10.004224941046195,
              53.54684369436176
            ],
            [
              10.004163788089565,
              53.54680152075437
            ],
            [
              10.00413738442419,
              53.54678439180883
            ],
            [
              10.004118561963644,
              53.54677444777237
            ],
            [
              10.004063907445802,
              53.54674821492009
            ],
            [
              10.004039635047647,
              53.54673453666906
            ],
            [
              10.004034091652676,
              53.546729674149574
            ],
            [
              10.00403260693228,
              53.54672648076056
            ],
            [
              10.004029082572444,
              53.54670073680644
            ],
            [
              10.00402221669233,
              53.546703025428286
            ],
            [
              10.003991501917179,
              53.54676315361843
            ],
            [
              10.004142288363562,
              53.546862065373865
            ],
            [
              10.004125528638557,
              53.54687112814519
            ],
            [
              10.00396809833925,
              53.54676785816387
            ],
            [
              10.00397551266563,
              53.546716732605134
            ],
            [
              10.004013248060865,
              53.54670042250881
            ],
            [
              10.004006699976065,
              53.54669842924432
            ],
            [
              10.003970064576782,
              53.54669376276353
            ],
            [
              10.003960014206058,
              53.54669038807276
            ],
            [
              10.00389506436073,
              53.54664134397706
            ],
            [
              10.003707309247183,
              53.546489412717015
            ],
            [
              10.003631884700889,
              53.54643147701891
            ],
            [
              10.00359630882526,
              53.546406847845944
            ],
            [
              10.003543111426444,
              53.54637192689453
            ],
            [
              10.003326934128653,
              53.54623521785779
            ],
            [
              10.003255938507781,
              53.546188781479074
            ],
            [
              10.003210822991534,
              53.54615602521696
            ],
            [
              10.003088936893878,
              53.546062747268216
            ],
            [
              10.00303635802145,
              53.546025411000024
            ],
            [
              10.003025024158983,
              53.546018330008245
            ],
            [
              10.003015797434886,
              53.54601380114281
            ],
            [
              10.002998677563856,
              53.546006807625325
            ],
            [
              10.00297281083574,
              53.54599766917863
            ],
            [
              10.002801714256767,
              53.545943064018886
            ],
            [
              10.002698974581785,
              53.54591216255572
            ],
            [
              10.002695057681871,
              53.54591149706244
            ],
            [
              10.003017810275082,
              53.54603809552919
            ],
            [
              10.003350073600368,
              53.54629775689186
            ],
            [
              10.003189731907147,
              53.54629222168715
            ],
            [
              10.00315527038363,
              53.54629875522026
            ],
            [
              10.003094233546575,
              53.54630838027575
            ],
            [
              10.0028085679405,
              53.54634973042944
            ],
            [
              10.002750135176457,
              53.546350446810045
            ],
            [
              10.002745872697444,
              53.5463498652785
            ],
            [
              10.002744113310182,
              53.54634842189015
            ],
            [
              10.002740523312175,
              53.54634056216997
            ],
            [
              10.002738498323083,
              53.546339835297466
            ],
            [
              10.002720931785325,
              53.54634270668077
            ],
            [
              10.002673270953396,
              53.54635187762387
            ],
            [
              10.002545875103706,
              53.546378179483604
            ],
            [
              10.002526208405866,
              53.54638182972162
            ],
            [
              10.002518877074774,
              53.546382445388005
            ],
            [
              10.002044919808679,
              53.54653171855996
            ],
            [
              10.00195327950563,
              53.54648016458719
            ],
            [
              10.002193932154526,
              53.54616697412226
            ],
            [
              10.00235448794532,
              53.5461932634518
            ],
            [
              10.002354113448165,
              53.546187894613475
            ],
            [
              10.002355378575606,
              53.54618132516396
            ],
            [
              10.00236417024293,
              53.546160947208676
            ],
            [
              10.002410200843435,
              53.54608640222529
            ],
            [
              10.002433241374199,
              53.546073209850825
            ],
            [
              10.00248973746349,
              53.54603845943072
            ],
            [
              10.002519556861097,
              53.54602174715787
            ],
            [
              10.002547991177115,
              53.54600871129159
            ],
            [
              10.002563627944884,
              53.54600366359568
            ],
            [
              10.002573215934566,
              53.54600177767033
            ],
            [
              10.002377380582207,
              53.545965146116735
            ],
            [
              10.002498723916675,
              53.545872557400386
            ],
            [
              10.002497844547154,
              53.54587181386813
            ]
          ]
        ],
        "type": "Polygon"
      },
      "id": "121",
      "properties": {
        "cell_id": 0,
        "idiso": 5
      },
      "type": "Feature"
    },
    {
      "geometry": {
        "coordinates": [
          [
            [
              10.00156739302188,
              53.54657548217113
            ],
            [
              10.001588153058435,
              53.546568393882815
            ],
            [
              10.00160079957931,
              53.54656305014793
            ],
            [
              10.001606803882163,
              53.546559312262886
            ],
            [
              10.001570135518518,
              53.54655342905124
            ],
            [
              10.001559468769853,
              53.5465769639688
            ],
            [
              10.00156739302188,
              53.54657548217113
            ]
          ]
        ],
        "type": "Polygon"
      },
      "id": "88",
      "properties": {
        "cell_id": 0,
        "idiso": 4
      },
      "type": "Feature"
    },
    {
      "geometry": {
        "coordinates": [
          [
            [
              10.001069792556592,
              53.54749316097211
            ],
            [
              10.002385728806761,
              53.54744588737246
            ],
            [
              10.002855251452011,
              53.547373020471795
            ],
            [
              10.002393643229837,
              53.54732452910197
            ],
            [
              10.001374244109181,
              53.54736341707251
            ],
            [
              10.001053327044959,
              53.54739531307108
            ],
            [
              10.000811001051996,
              53.54745191865563
            ],
            [
              10.001069792556592,
              53.54749316097211
            ]
          ]
        ],
        "type": "Polygon"
      },
      "id": "208",
      "properties": {
        "cell_id": 0,
        "idiso": 7
      },
      "type": "Feature"
    },
    {
      "geometry": {
        "coordinates": [
          [
            [
              10.002473857259085,
              53.54746800697799
            ],
            [
              10.002395628453442,
              53.54745931100403
            ],
            [
              10.002041565262584,
              53.54751022952592
            ],
            [
              10.002356681071415,
              53.547480024131886
            ],
            [
              10.002473857259085,
              53.54746800697799
            ]
          ]
        ],
        "type": "Polygon"
      },
      "id": "233",
      "properties": {
        "cell_id": 0,
        "idiso": 7
      },
      "type": "Feature"
    },
    {
      "geometry": {
        "coordinates": [
          [
            [
              10.002537869896223,
              53.54747512263097
            ],
            [
              10.001911217970122,
              53.54753189930451
            ],
            [
              10.001726488236327,
              53.547565140575216
            ],
            [
              10.002674810006193,
              53.5474838787442
            ],
            [
              10.002537869896223,
              53.54747512263097
            ]
          ]
        ],
        "type": "Polygon"
      },
      "id": "234",
      "properties": {
        "cell_id": 0,
        "idiso": 7
      },
      "type": "Feature"
    },
    {
      "geometry": {
        "coordinates": [
          [
            [
              10.002852502709292,
              53.547485340605746
            ],
            [
              10.002268353192799,
              53.54753933364385
            ],
            [
              10.001988375917312,
              53.54757193892408
            ],
            [
              10.001805978093211,
              53.54759144698331
            ],
            [
              10.00180415055262,
              53.54759150745633
            ],
            [
              10.001814394139505,
              53.54758879813071
            ],
            [
              10.00185400877163,
              53.547581104632414
            ],
            [
              10.001942261925592,
              53.54756613972226
            ],
            [
              10.001718539473329,
              53.547579029331196
            ],
            [
              10.001703653333104,
              53.547605039638164
            ],
            [
              10.002852502709292,
              53.547485340605746
            ]
          ]
        ],
        "type": "Polygon"
      },
      "id": "236",
      "properties": {
        "cell_id": 0,
        "idiso": 7
      },
      "type": "Feature"
    },
    {
      "geometry": {
        "coordinates": [
          [
            [
              10.00294632919348,
              53.54749015091768
            ],
            [
              10.001835758407697,
              53.54760499478725
            ],
            [
              10.001973619668592,
              53.5475980933197
            ],
            [
              10.002084570090181,
              53.547594728116195
            ],
            [
              10.00208579309595,
              53.54759549429111
            ],
            [
              10.002085854272526,
              53.547597362776216
            ],
            [
              10.002083544452121,
              53.5476016028378
            ],
            [
              10.002081700112335,
              53.54760257249474
            ],
            [
              10.003063965835427,
              53.547501772838494
            ],
            [
              10.00294632919348,
              53.54749015091768
            ]
          ]
        ],
        "type": "Polygon"
      },
      "id": "235",
      "properties": {
        "cell_id": 0,
        "idiso": 7
      },
      "type": "Feature"
    },
    {
      "geometry": {
        "coordinates": [
          [
            [
              10.00198837591731,
              53.54757193892408
            ],
            [
              10.002268353192799,
              53.54753933364385
            ],
            [
              10.002038019975238,
              53.54756062256058
            ],
            [
              10.001942261925592,
              53.54756613972226
            ],
            [
              10.001854008771625,
              53.54758110463239
            ],
            [
              10.0018143941395,
              53.54758879813071
            ],
            [
              10.001804150552614,
              53.5475915074563
            ],
            [
              10.00198837591731,
              53.54757193892408
            ]
          ]
        ],
        "type": "Polygon"
      },
      "id": "172",
      "properties": {
        "cell_id": 0,
        "idiso": 6
      },
      "type": "Feature"
    },
    {
      "geometry": {
        "coordinates": [
          [
            [
              10.00251202729377,
              53.547598707971694
            ],
            [
              10.002518628602857,
              53.54757160579317
            ],
            [
              10.002141202643546,
              53.547610225681105
            ],
            [
              10.002160284832108,
              53.5476252090601
            ],
            [
              10.002294557240807,
              53.54763620569666
            ],
            [
              10.00228402066234,
              53.547628597768394
            ],
            [
              10.00234438610542,
              53.547598973295074
            ],
            [
              10.002372988403144,
              53.547619636774286
            ],
            [
              10.002444790794668,
              53.54762539512991
            ],
            [
              10.002429995856994,
              53.54761308032094
            ],
            [
              10.002495707129103,
              53.54758510831324
            ],
            [
              10.00251202729377,
              53.547598707971694
            ]
          ]
        ],
        "type": "Polygon"
      },
      "id": "171",
      "properties": {
        "cell_id": 0,
        "idiso": 6
      },
      "type": "Feature"
    },
    {
      "geometry": {
        "coordinates": [
          [
            [
              10.00197361966859,
              53.5475980933197
            ],
            [
              10.001835758407697,
              53.54760499478725
            ],
            [
              10.00169537085911,
              53.54761951145369
            ],
            [
              10.0016815664761,
              53.547643631576975
            ],
            [
              10.002081700112335,
              53.54760257249474
            ],
            [
              10.002083544452121,
              53.5476016028378
            ],
            [
              10.002085854272526,
              53.547597362776216
            ],
            [
              10.00208579309595,
              53.54759549429111
            ],
            [
              10.002084570090181,
              53.547594728116195
            ],
            [
              10.00197361966859,
              53.5475980933197
            ]
          ]
        ],
        "type": "Polygon"
      },
      "id": "159",
      "properties": {
        "cell_id": 0,
        "idiso": 6
      },
      "type": "Feature"
    },
    {
      "geometry": {
        "coordinates": [
          [
            [
              10.004565611083219,
              53.54096347214161
            ],
            [
              10.004563915782754,
              53.54096380791966
            ],
            [
              10.004568945547302,
              53.54096338397981
            ],
            [
              10.004565611083219,
              53.54096347214161
            ]
          ]
        ],
        "type": "Polygon"
      },
      "id": "33",
      "properties": {
        "cell_id": 0,
        "idiso": 2
      },
      "type": "Feature"
    },
    {
      "geometry": {
        "coordinates": [
          [
            [
              10.004530577623273,
              53.54096439840563
            ],
            [
              10.004511070687808,
              53.5409682620198
            ],
            [
              10.004563915782754,
              53.54096380791966
            ],
            [
              10.004566887042088,
              53.54096340127246
            ],
            [
              10.004566887041715,
              53.540963401272464
            ],
            [
              10.004530577623273,
              53.54096439840563
            ]
          ]
        ],
        "type": "Polygon"
      },
      "id": "47",
      "properties": {
        "cell_id": 0,
        "idiso": 3
      },
      "type": "Feature"
    },
    {
      "geometry": {
        "coordinates": [
          [
            [
              10.004419792084585,
              53.54096732744209
            ],
            [
              10.004413366927048,
              53.54096922364885
            ],
            [
              10.00434351764496,
              53.54098213523553
            ],
            [
              10.004511070687808,
              53.5409682620198
            ],
            [
              10.004530577623273,
              53.54096439840563
            ],
            [
              10.00454525941175,
              53.5409635829551
            ],
            [
              10.004476866838283,
              53.54096415746033
            ],
            [
              10.004419792084585,
              53.54096732744209
            ]
          ]
        ],
        "type": "Polygon"
      },
      "id": "90",
      "properties": {
        "cell_id": 0,
        "idiso": 4
      },
      "type": "Feature"
    },
    {
      "geometry": {
        "coordinates": [
          [
            [
              10.004069457341142,
              53.540976589193676
            ],
            [
              10.00404857017102,
              53.540982791243565
            ],
            [
              10.003997766796145,
              53.54099134157232
            ],
            [
              10.003983498924487,
              53.540995100937685
            ],
            [
              10.003982344875144,
              53.54099681904526
            ],
            [
              10.003984791979425,
              53.54100837877948
            ],
            [
              10.003898301329734,
              53.541217330671216
            ],
            [
              10.003886530412128,
              53.54124897442768
            ],
            [
              10.00388375615659,
              53.54125906579681
            ],
            [
              10.003883925023482,
              53.54126238082164
            ],
            [
              10.00403528340746,
              53.54104627576682
            ],
            [
              10.004027778475725,
              53.54100899564744
            ],
            [
              10.004343959749644,
              53.5409823469678
            ],
            [
              10.004352046968213,
              53.54098031831974
            ],
            [
              10.004413366927047,
              53.54096922364885
            ],
            [
              10.004419792084585,
              53.54096732744209
            ],
            [
              10.004476866838283,
              53.54096415746033
            ],
            [
              10.004476866788938,
              53.540964157460735
            ],
            [
              10.004259812143202,
              53.540966017178256
            ],
            [
              10.004069457341142,
              53.540976589193676
            ]
          ]
        ],
        "type": "Polygon"
      },
      "id": "126",
      "properties": {
        "cell_id": 0,
        "idiso": 5
      },
      "type": "Feature"
    },
    {
      "geometry": {
        "coordinates": [
          [
            [
              10.004262884174613,
              53.54116505884878
            ],
            [
              10.00425261460192,
              53.54118149335718
            ],
            [
              10.004826778809756,
              53.54132442527166
            ],
            [
              10.004829158850155,
              53.54133873331643
            ],
            [
              10.004993701557716,
              53.541103977016405
            ],
            [
              10.004262884174613,
              53.54116505884878
            ]
          ]
        ],
        "type": "Polygon"
      },
      "id": "10",
      "properties": {
        "cell_id": 0,
        "idiso": 0
      },
      "type": "Feature"
    },
    {
      "geometry": {
        "coordinates": [
          [
            [
              10.004370346761304,
              53.54142471120318
            ],
            [
              10.004504866656278,
              53.54146751903382
            ],
            [
              10.004601098632428,
              53.541496711412805
            ],
            [
              10.005032804154427,
              53.54160059734139
            ],
            [
              10.005177179154977,
              53.54140225965525
            ],
            [
              10.005108313649027,
              53.541495771626664
            ],
            [
              10.005085795880925,
              53.54152355698146
            ],
            [
              10.005066885248764,
              53.54154445906826
            ],
            [
              10.005048316922396,
              53.54156199145306
            ],
            [
              10.005030536099463,
              53.541574914678655
            ],
            [
              10.005017177617846,
              53.54158110174947
            ],
            [
              10.005013640855584,
              53.54158180956952
            ],
            [
              10.005004676464143,
              53.54158148812074
            ],
            [
              10.004993556671225,
              53.54157911455849
            ],
            [
              10.004973795709857,
              53.54157239951584
            ],
            [
              10.004936301592297,
              53.54155543529941
            ],
            [
              10.004885756775334,
              53.54152787936845
            ],
            [
              10.00486433108568,
              53.54151478599491
            ],
            [
              10.004851759027066,
              53.54150588455761
            ],
            [
              10.003886931930607,
              53.541265942303774
            ],
            [
              10.004370346761304,
              53.54142471120318
            ]
          ]
        ],
        "type": "Polygon"
      },
      "id": "127",
      "properties": {
        "cell_id": 0,
        "idiso": 5
      },
      "type": "Feature"
    },
    {
      "geometry": {
        "coordinates": [
          [
            [
              10.004260590515576,
              53.540965973948
            ],
            [
              10.00402102152002,
              53.540967985612234
            ],
            [
              10.003781452495364,
              53.54096999679664
            ],
            [
              10.003117733250146,
              53.54194732192012
            ],
            [
              10.003223334724094,
              53.54197451237381
            ],
            [
              10.003702243515194,
              53.54128030611682
            ],
            [
              10.003935152480299,
              53.540980139519746
            ],
            [
              10.00395532079436,
              53.54098625876294
            ],
            [
              10.003723562750192,
              53.54128553414946
            ],
            [
              10.004601098632428,
              53.541496711412805
            ],
            [
              10.004504866656285,
              53.5414675190338
            ],
            [
              10.004377437132682,
              53.54142700101682
            ],
            [
              10.00388224667514,
              53.54126477710478
            ],
            [
              10.003883925023482,
              53.54126238082164
            ],
            [
              10.00388405959209,
              53.54125754820843
            ],
            [
              10.003887441464801,
              53.54124624710918
            ],
            [
              10.00390004247762,
              53.54121295483078
            ],
            [
              10.003984791979425,
              53.54100837877948
            ],
            [
              10.003982344875144,
              53.54099681904526
            ],
            [
              10.003983498924487,
              53.540995100937685
            ],
            [
              10.003997766796147,
              53.5409913415723
            ],
            [
              10.00404857017102,
              53.540982791243565
            ],
            [
              10.004069457341142,
              53.540976589193676
            ],
            [
              10.004260590515576,
              53.540965973948
            ]
          ]
        ],
        "type": "Polygon"
      },
      "id": "183",
      "properties": {
        "cell_id": 0,
        "idiso": 6
      },
      "type": "Feature"
    },
    {
      "geometry": {
        "coordinates": [
          [
            [
              10.003459234000863,
              53.5420126917575
            ],
            [
              10.003434330366046,
              53.54200479597905
            ],
            [
              10.003420106940066,
              53.54199914455757
            ],
            [
              10.003417056482718,
              53.54199710859676
            ],
            [
              10.003412454191018,
              53.541990753707836
            ],
            [
              10.003404779647617,
              53.54196810135127
            ],
            [
              10.00340516917611,
              53.5419658455851
            ],
            [
              10.00338664118716,
              53.54196074445616
            ],
            [
              10.003800799491028,
              53.54138134751721
            ],
            [
              10.00382895852776,
              53.54138835494651
            ],
            [
              10.00384035600976,
              53.54138883981427
            ],
            [
              10.00431238992452,
              53.54146219600519
            ],
            [
              10.004478664213796,
              53.54148927607015
            ],
            [
              10.004596614495007,
              53.54151017259053
            ],
            [
              10.003714558320363,
              53.54129790604907
            ],
            [
              10.003244012755259,
              53.54198000755392
            ],
            [
              10.004099210545652,
              53.54221446975889
            ],
            [
              10.004033565797025,
              53.542194035264025
            ],
            [
              10.003897148409875,
              53.54214920333029
            ],
            [
              10.003560071142191,
              53.54204031320811
            ],
            [
              10.003459234000863,
              53.5420126917575
            ]
          ]
        ],
        "type": "Polygon"
      },
      "id": "178",
      "properties": {
        "cell_id": 0,
        "idiso": 6
      },
      "type": "Feature"
    },
    {
      "geometry": {
        "coordinates": [
          [
            [
              10.003908237920879,
              53.54159973661089
            ],
            [
              10.004019283110534,
              53.541627590396196
            ],
            [
              10.003862289157414,
              53.54185089401686
            ],
            [
              10.003752719578117,
              53.54182365439964
            ],
            [
              10.003725775629313,
              53.541862039816
            ],
            [
              10.00434940817176,
              53.54203366845111
            ],
            [
              10.004552567801808,
              53.541743706204315
            ],
            [
              10.003918245185446,
              53.54158558058557
            ],
            [
              10.003908237920879,
              53.54159973661089
            ]
          ]
        ],
        "type": "Polygon"
      },
      "id": "11",
      "properties": {
        "cell_id": 0,
        "idiso": 0
      },
      "type": "Feature"
    },
    {
      "geometry": {
        "coordinates": [
          [
            [
              10.003404645583732,
              53.54196763694539
            ],
            [
              10.00340930778084,
              53.54198271375595
            ],
            [
              10.003414532680479,
              53.54199424370218
            ],
            [
              10.003420106940066,
              53.54199914455757
            ],
            [
              10.003440021386629,
              53.54200674212134
            ],
            [
              10.003466182322223,
              53.54201469399261
            ],
            [
              10.003564980952195,
              53.54204185951871
            ],
            [
              10.003897148409875,
              53.54214920333029
            ],
            [
              10.004033565797029,
              53.542194035264046
            ],
            [
              10.004089075175814,
              53.54221147388776
            ],
            [
              10.004520886068322,
              53.54233007368327
            ],
            [
              10.005024073639929,
              53.54161303738387
            ],
            [
              10.004591239604096,
              53.54150915900683
            ],
            [
              10.004471657568997,
              53.541488095574785
            ],
            [
              10.004312389924515,
              53.54146219600519
            ],
            [
              10.00384035600976,
              53.54138883981427
            ],
            [
              10.003828900633522,
              53.54138820872183
            ],
            [
              10.004730983403356,
              53.54161282078422
            ],
            [
              10.00475533811878,
              53.54161007560796
            ],
            [
              10.00480581330097,
              53.54160733811823
            ],
            [
              10.004857850181443,
              53.54160605363436
            ],
            [
              10.00490024505798,
              53.54160625075379
            ],
            [
              10.004938880458637,
              53.54160797737844
            ],
            [
              10.004962924479981,
              53.54161052090187
            ],
            [
              10.004980819548647,
              53.541614325383335
            ],
            [
              10.004988479699886,
              53.54161764702251
            ],
            [
              10.004990836699797,
              53.54161956251437
            ],
            [
              10.004992284368996,
              53.54162393463715
            ],
            [
              10.004987998731032,
              53.54163981240168
            ],
            [
              10.004982051173801,
              53.541654849366246
            ],
            [
              10.004972307956537,
              53.541674854331966
            ],
            [
              10.004947960671274,
              53.54171632988161
            ],
            [
              10.004913578733394,
              53.54176719066996
            ],
            [
              10.004880279904532,
              53.541812717330416
            ],
            [
              10.004840438110048,
              53.54186469697714
            ],
            [
              10.004661506561703,
              53.54208990966592
            ],
            [
              10.00463249113956,
              53.542129661241226
            ],
            [
              10.004575360712547,
              53.54221564789401
            ],
            [
              10.004546943996525,
              53.5422563011687
            ],
            [
              10.004519756573998,
              53.542290816678225
            ],
            [
              10.004505944733339,
              53.54230541655813
            ],
            [
              10.00450271157603,
              53.54230699359008
            ],
            [
              10.004497759980946,
              53.542307594552874
            ],
            [
              10.004484406357156,
              53.542306575613125
            ],
            [
              10.004469293621389,
              53.54230377442359
            ],
            [
              10.004445648768964,
              53.5422980003931
            ],
            [
              10.004367601857634,
              53.54227610814432
            ],
            [
              10.00425757258895,
              53.54224292763134
            ],
            [
              10.00373044547702,
              53.5420728211363
            ],
            [
              10.003620785518235,
              53.54204072623512
            ],
            [
              10.003606645224663,
              53.542034611778476
            ],
            [
              10.00359900543098,
              53.5420296107726
            ],
            [
              10.003599481637123,
              53.54202901646246
            ],
            [
              10.00350371993878,
              53.54200823108808
            ],
            [
              10.003513284634773,
              53.54199561186874
            ],
            [
              10.00340516917611,
              53.5419658455851
            ],
            [
              10.003404645583732,
              53.54196763694539
            ]
          ]
        ],
        "type": "Polygon"
      },
      "id": "104",
      "properties": {
        "cell_id": 0,
        "idiso": 5
      },
      "type": "Feature"
    },
    {
      "geometry": {
        "coordinates": [
          [
            [
              10.002942350569876,
              53.54098549498153
            ],
            [
              10.00293205222626,
              53.541002450061974
            ],
            [
              10.00292131573642,
              53.54101517604463
            ],
            [
              10.002910236026604,
              53.54102428346004
            ],
            [
              10.002843147388297,
              53.54106262983412
            ],
            [
              10.002752124288046,
              53.541112839524445
            ],
            [
              10.002326388900096,
              53.54134245863876
            ],
            [
              10.002240169453328,
              53.54139057771458
            ],
            [
              10.002214662433992,
              53.54140625294028
            ],
            [
              10.002187884893313,
              53.541426646864316
            ],
            [
              10.002131371278189,
              53.541472779736296
            ],
            [
              10.002122239606235,
              53.54147955175574
            ],
            [
              10.002117989068786,
              53.541481490277334
            ],
            [
              10.00198834655748,
              53.541657106288355
            ],
            [
              10.002264469935009,
              53.54172809405076
            ],
            [
              10.00227715831737,
              53.54172452096727
            ],
            [
              10.002290302737265,
              53.54171886369526
            ],
            [
              10.002303831119177,
              53.54171137377648
            ],
            [
              10.002317671387848,
              53.54170230275275
            ],
            [
              10.002336485662653,
              53.54168818332151
            ],
            [
              10.00236992264125,
              53.541659580141655
            ],
            [
              10.002448757148999,
              53.54158721957172
            ],
            [
              10.002469885710903,
              53.54157010955116
            ],
            [
              10.00248569860282,
              53.54155924043472
            ],
            [
              10.002529178801343,
              53.54153354513678
            ],
            [
              10.002592134257172,
              53.541498400701975
            ],
            [
              10.002869127007372,
              53.54135039469653
            ],
            [
              10.002965621131164,
              53.54129665110943
            ],
            [
              10.002974420600523,
              53.54128826033797
            ],
            [
              10.002989681393466,
              53.54126341330662
            ],
            [
              10.003008120743148,
              53.54123948768238
            ],
            [
              10.003114577020945,
              53.54111263509774
            ],
            [
              10.003158317778768,
              53.54105660829663
            ],
            [
              10.003175822818136,
              53.54103121504954
            ],
            [
              10.003189046656463,
              53.54100860995405
            ],
            [
              10.003196961065212,
              53.54098957404728
            ],
            [
              10.003198758775554,
              53.54097700073478
            ],
            [
              10.003198537815917,
              53.54097488836606
            ],
            [
              10.002944449293379,
              53.54097701967824
            ],
            [
              10.002942350569876,
              53.54098549498153
            ]
          ]
        ],
        "type": "Polygon"
      },
      "id": "103",
      "properties": {
        "cell_id": 0,
        "idiso": 5
      },
      "type": "Feature"
    },
    {
      "geometry": {
        "coordinates": [
          [
            [
              10.002869127007372,
              53.54135039469653
            ],
            [
              10.002592134257172,
              53.54149840070199
            ],
            [
              10.002529178801343,
              53.54153354513678
            ],
            [
              10.00248569860282,
              53.54155924043472
            ],
            [
              10.002469885710907,
              53.54157010955116
            ],
            [
              10.002448757149002,
              53.54158721957172
            ],
            [
              10.002365132728169,
              53.54166387658877
            ],
            [
              10.002331751468333,
              53.541691902165894
            ],
            [
              10.002313027759957,
              53.541705486578394
            ],
            [
              10.002294773094738,
              53.54171655826127
            ],
            [
              10.002277158317373,
              53.54172452096727
            ],
            [
              10.002264469935009,
              53.54172809405076
            ],
            [
              10.00309687175905,
              53.541942088518134
            ],
            [
              10.003756898477084,
              53.54097020290073
            ],
            [
              10.003198537815917,
              53.54097488836606
            ],
            [
              10.003197691740676,
              53.54098680324194
            ],
            [
              10.003190762203484,
              53.54100516834978
            ],
            [
              10.003178351865351,
              53.541027232819154
            ],
            [
              10.003158317778771,
              53.54105660829663
            ],
            [
              10.003114577020948,
              53.54111263509774
            ],
            [
              10.003008120743148,
              53.54123948768238
            ],
            [
              10.002989681393466,
              53.54126341330662
            ],
            [
              10.00297442060052,
              53.54128826033797
            ],
            [
              10.002965621131164,
              53.54129665110943
            ],
            [
              10.002869127007372,
              53.54135039469653
            ]
          ]
        ],
        "type": "Polygon"
      },
      "id": "177",
      "properties": {
        "cell_id": 0,
        "idiso": 6
      },
      "type": "Feature"
    },
    {
      "geometry": {
        "coordinates": [
          [
            [
              10.003348219718877,
              53.542075295855156
            ],
            [
              10.00334771806733,
              53.54207470819145
            ],
            [
              10.003349522426378,
              53.54207445608993
            ],
            [
              10.003365723146528,
              53.54207528940789
            ],
            [
              10.003444656343529,
              53.542082523095694
            ],
            [
              10.003881869772886,
              53.542178615339814
            ],
            [
              10.004085136474743,
              53.542225445981
            ],
            [
              10.003235366916622,
              53.54199247764556
            ],
            [
              10.002739782723326,
              53.54270918399987
            ],
            [
              10.00353362402555,
              53.54289758105959
            ],
            [
              10.00346600148094,
              53.54287913540197
            ],
            [
              10.003283216743906,
              53.54282588341322
            ],
            [
              10.003085379446523,
              53.542770699089836
            ],
            [
              10.002990952832134,
              53.54274304599424
            ],
            [
              10.002933483000707,
              53.542724645850804
            ],
            [
              10.00290437743189,
              53.54271402349947
            ],
            [
              10.002891628191454,
              53.542708260146014
            ],
            [
              10.002881673284998,
              53.542702409320626
            ],
            [
              10.002875706689931,
              53.54269663150861
            ],
            [
              10.00287459212691,
              53.54269382013426
            ],
            [
              10.00288188958841,
              53.54267561063532
            ],
            [
              10.002896700956413,
              53.54264770350805
            ],
            [
              10.00291537710537,
              53.5426165494047
            ],
            [
              10.002940090192999,
              53.54257850689398
            ],
            [
              10.003000543585353,
              53.542492225212214
            ],
            [
              10.003109983992179,
              53.54234351422568
            ],
            [
              10.003160112360993,
              53.542273237233836
            ],
            [
              10.003237266596969,
              53.5421680376371
            ],
            [
              10.003297665989257,
              53.54206139965997
            ],
            [
              10.003348219718877,
              53.542075295855156
            ]
          ]
        ],
        "type": "Polygon"
      },
      "id": "179",
      "properties": {
        "cell_id": 0,
        "idiso": 6
      },
      "type": "Feature"
    },
    {
      "geometry": {
        "coordinates": [
          [
            [
              10.003552548445006,
              53.542131461366985
            ],
            [
              10.003559637335663,
              53.54213199261873
            ],
            [
              10.003888182243879,
              53.54220423594119
            ],
            [
              10.00405759025962,
              53.54224350845023
            ],
            [
              10.00422789664839,
              53.542281766549344
            ],
            [
              10.004307267719005,
              53.54230075433695
            ],
            [
              10.004366370963652,
              53.542316296072656
            ],
            [
              10.00441778239319,
              53.54233176943152
            ],
            [
              10.004453710066226,
              53.542344976183436
            ],
            [
              10.004469493563633,
              53.54235228792955
            ],
            [
              10.004475456340947,
              53.54235600325914
            ],
            [
              10.00447820820187,
              53.54236102944643
            ],
            [
              10.004478006512837,
              53.54236742736735
            ],
            [
              10.004475302608592,
              53.54237494827363
            ],
            [
              10.004467542393316,
              53.54238779109353
            ],
            [
              10.004452650145137,
              53.54240652365034
            ],
            [
              10.004412838122073,
              53.542452127295064
            ],
            [
              10.004046862784097,
              53.54297390475474
            ],
            [
              10.004031991862353,
              53.542988729628625
            ],
            [
              10.004023803360203,
              53.54299360570266
            ],
            [
              10.004019791170471,
              53.54299387365396
            ],
            [
              10.003954027966355,
              53.54298043096604
            ],
            [
              10.003865731870485,
              53.5429597481057
            ],
            [
              10.003709418563874,
              53.542920076237394
            ],
            [
              10.003569088311568,
              53.54288195287889
            ],
            [
              10.003398021959502,
              53.54283314976525
            ],
            [
              10.0031185532158,
              53.54275201338989
            ],
            [
              10.003109005680546,
              53.542747368942884
            ],
            [
              10.002881082972939,
              53.54269026221506
            ],
            [
              10.003194009753473,
              53.54224440929029
            ],
            [
              10.003237266596969,
              53.5421680376371
            ],
            [
              10.003160112360991,
              53.54227323723381
            ],
            [
              10.003109983992184,
              53.542343514225685
            ],
            [
              10.003007258755131,
              53.54248296382751
            ],
            [
              10.00295207027524,
              53.542560834725535
            ],
            [
              10.00292056368979,
              53.54260833702184
            ],
            [
              10.002894623073347,
              53.54265138407752
            ],
            [
              10.002874922382953,
              53.542691087195216
            ],
            [
              10.002875706689935,
              53.54269663150861
            ],
            [
              10.002878116824986,
              53.542699501257616
            ],
            [
              10.002886226822874,
              53.54270533563698
            ],
            [
              10.002904377431891,
              53.54271402349947
            ],
            [
              10.002933483000708,
              53.5427246458508
            ],
            [
              10.002990952832137,
              53.542743045994236
            ],
            [
              10.003085379446528,
              53.542770699089836
            ],
            [
              10.003283216743906,
              53.54282588341322
            ],
            [
              10.003492970237318,
              53.54288670956298
            ],
            [
              10.00353362402555,
              53.54289758105959
            ],
            [
              10.004036718246107,
              53.54301697344728
            ],
            [
              10.004512216026416,
              53.542342528596706
            ],
            [
              10.004085136474743,
              53.542225445981
            ],
            [
              10.003989451192847,
              53.54220293246219
            ],
            [
              10.003812633180837,
              53.54216323874571
            ],
            [
              10.003444656343529,
              53.542082523095694
            ],
            [
              10.003365723146526,
              53.54207528940789
            ],
            [
              10.003349522426376,
              53.54207445608993
            ],
            [
              10.00334771806733,
              53.54207470819145
            ],
            [
              10.003552548445006,
              53.542131461366985
            ]
          ]
        ],
        "type": "Polygon"
      },
      "id": "106",
      "properties": {
        "cell_id": 0,
        "idiso": 5
      },
      "type": "Feature"
    },
    {
      "geometry": {
        "coordinates": [
          [
            [
              10.003109098000602,
              53.5419599077424
            ],
            [
              10.001946837205223,
              53.54360627369514
            ],
            [
              10.00206853349097,
              53.54363750850564
            ],
            [
              10.003214692821743,
              53.541986974769735
            ],
            [
              10.003109098000602,
              53.5419599077424
            ]
          ]
        ],
        "type": "Polygon"
      },
      "id": "182",
      "properties": {
        "cell_id": 0,
        "idiso": 6
      },
      "type": "Feature"
    },
    {
      "geometry": {
        "coordinates": [
          [
            [
              10.003020759392475,
              53.5430349824128
            ],
            [
              10.002984323401142,
              53.54302680594428
            ],
            [
              10.002983072741781,
              53.543044408654595
            ],
            [
              10.002978804623984,
              53.54307073048767
            ],
            [
              10.00295888251948,
              53.543163140903324
            ],
            [
              10.00314235530964,
              53.54290559133453
            ],
            [
              10.003146209209003,
              53.54289422437028
            ],
            [
              10.003146393726528,
              53.542888074916924
            ],
            [
              10.003139702502795,
              53.542883310860695
            ],
            [
              10.003134696901379,
              53.54288097727128
            ],
            [
              10.00313022157216,
              53.54287968861818
            ],
            [
              10.003127504213479,
              53.542880204384446
            ],
            [
              10.003020759392475,
              53.5430349824128
            ]
          ]
        ],
        "type": "Polygon"
      },
      "id": "74",
      "properties": {
        "cell_id": 0,
        "idiso": 4
      },
      "type": "Feature"
    },
    {
      "geometry": {
        "coordinates": [
          [
            [
              10.00273114808249,
              53.54272165130868
            ],
            [
              10.00208936749004,
              53.543643028198495
            ],
            [
              10.002760012479891,
              53.54382220705208
            ],
            [
              10.002746890165058,
              53.54381587020112
            ],
            [
              10.00272916163344,
              53.543803188381844
            ],
            [
              10.002678444355958,
              53.54375685436102
            ],
            [
              10.00250289732178,
              53.54361641070963
            ],
            [
              10.00241143217486,
              53.543517154760906
            ],
            [
              10.002378676934025,
              53.54347833329083
            ],
            [
              10.002364224882665,
              53.54345827284502
            ],
            [
              10.002353768303523,
              53.543440089681546
            ],
            [
              10.002348980208682,
              53.54342731965386
            ],
            [
              10.002349088709241,
              53.54341767951051
            ],
            [
              10.002355398525772,
              53.543402491437355
            ],
            [
              10.002366893162913,
              53.54338554573238
            ],
            [
              10.002381542371376,
              53.54336783558512
            ],
            [
              10.00242151842109,
              53.54332329949497
            ],
            [
              10.002442422334203,
              53.54329427328754
            ],
            [
              10.002598946548707,
              53.54305711139753
            ],
            [
              10.002669164952113,
              53.542955909680636
            ],
            [
              10.002704195318351,
              53.542909061271985
            ],
            [
              10.002735512332235,
              53.54287008726015
            ],
            [
              10.002762992586428,
              53.54283877535278
            ],
            [
              10.002789562190165,
              53.54281175567241
            ],
            [
              10.002801246304202,
              53.54280147444909
            ],
            [
              10.002809289546525,
              53.54279733112398
            ],
            [
              10.002825522307655,
              53.54279240359149
            ],
            [
              10.002853299027874,
              53.54278795284723
            ],
            [
              10.002885784314088,
              53.54278552753028
            ],
            [
              10.002920468398678,
              53.54278469495664
            ],
            [
              10.002971127154638,
              53.54278548600017
            ],
            [
              10.003018044215933,
              53.54278775963445
            ],
            [
              10.00273114808249,
              53.54272165130868
            ]
          ]
        ],
        "type": "Polygon"
      },
      "id": "180",
      "properties": {
        "cell_id": 0,
        "idiso": 6
      },
      "type": "Feature"
    },
    {
      "geometry": {
        "coordinates": [
          [
            [
              10.00349152935394,
              53.54355688041159
            ],
            [
              10.003511927838868,
              53.5435352352535
            ],
            [
              10.003513877709052,
              53.54352998915827
            ],
            [
              10.003480327683153,
              53.54344055132217
            ],
            [
              10.003461219953266,
              53.54339764945442
            ],
            [
              10.003448887398369,
              53.54337580573821
            ],
            [
              10.003438008363581,
              53.54336019450342
            ],
            [
              10.003426145508387,
              53.5433467791666
            ],
            [
              10.003413221862083,
              53.54333605748936
            ],
            [
              10.003389251377419,
              53.5433216979417
            ],
            [
              10.00335359045652,
              53.54330422674303
            ],
            [
              10.00331139991972,
              53.54328625804379
            ],
            [
              10.003257554211373,
              53.543265485166714
            ],
            [
              10.00318584064202,
              53.543239797273785
            ],
            [
              10.003036089860228,
              53.54318833970822
            ],
            [
              10.00298672319926,
              53.54317039809094
            ],
            [
              10.002979227555771,
              53.543169097278714
            ],
            [
              10.002976831736694,
              53.54317246038824
            ],
            [
              10.002956034385608,
              53.543167138938955
            ],
            [
              10.002959289380607,
              53.54316182399879
            ],
            [
              10.002975934761876,
              53.54308508666622
            ],
            [
              10.002981926760532,
              53.54305269045761
            ],
            [
              10.002984282920918,
              53.5430299128568
            ],
            [
              10.002984323401142,
              53.54302680594428
            ],
            [
              10.002958878405245,
              53.543021095916664
            ],
            [
              10.002830613679457,
              53.5432004868108
            ],
            [
              10.002797091836255,
              53.54326200982735
            ],
            [
              10.002790055763928,
              53.54328187975233
            ],
            [
              10.002789792992745,
              53.54328885380132
            ],
            [
              10.00279072165543,
              53.54329130827852
            ],
            [
              10.00279601139692,
              53.543294581369345
            ],
            [
              10.002812601487172,
              53.543297736614726
            ],
            [
              10.002835659982098,
              53.54329941187184
            ],
            [
              10.002895961143347,
              53.543302130430924
            ],
            [
              10.003131012826236,
              53.5433708454157
            ],
            [
              10.00321874528445,
              53.543397857940455
            ],
            [
              10.00323776434408,
              53.5434048562126
            ],
            [
              10.00325328931247,
              53.54341190112811
            ],
            [
              10.003259636761085,
              53.54341648932552
            ],
            [
              10.003264590455114,
              53.543423389023665
            ],
            [
              10.00327088651774,
              53.5434391620315
            ],
            [
              10.003271691365272,
              53.543449841677976
            ],
            [
              10.0032697730741,
              53.543464091292556
            ],
            [
              10.003266612958479,
              53.5434711818656
            ],
            [
              10.003264372043228,
              53.54347290329561
            ],
            [
              10.003506178430966,
              53.54353748713127
            ],
            [
              10.00349152935394,
              53.54355688041159
            ]
          ]
        ],
        "type": "Polygon"
      },
      "id": "48",
      "properties": {
        "cell_id": 0,
        "idiso": 3
      },
      "type": "Feature"
    },
    {
      "geometry": {
        "coordinates": [
          [
            [
              10.002789792992747,
              53.54328885380132
            ],
            [
              10.00279005576393,
              53.54328187975233
            ],
            [
              10.002797091836257,
              53.54326200982735
            ],
            [
              10.002809056509479,
              53.543238698516205
            ],
            [
              10.002830983089584,
              53.54320044245088
            ],
            [
              10.00273662065868,
              53.543331944295154
            ],
            [
              10.002861663032165,
              53.543365342605235
            ],
            [
              10.002881131544278,
              53.543333317395614
            ],
            [
              10.003232299481827,
              53.54342631750974
            ],
            [
              10.003220750719118,
              53.54346125244479
            ],
            [
              10.003264372043228,
              53.54347290329561
            ],
            [
              10.003266612958479,
              53.5434711818656
            ],
            [
              10.00327075659506,
              53.54345945621984
            ],
            [
              10.003271706935372,
              53.54344559627917
            ],
            [
              10.00327088651774,
              53.5434391620315
            ],
            [
              10.0032666786287,
              53.54342742027405
            ],
            [
              10.003262229223218,
              53.54341967099641
            ],
            [
              10.003256854896721,
              53.54341406714422
            ],
            [
              10.003248800034067,
              53.54340961644545
            ],
            [
              10.003231574906998,
              53.54340246322849
            ],
            [
              10.003201051285169,
              53.543392020956276
            ],
            [
              10.003150760712778,
              53.54337671932
            ],
            [
              10.002895961143345,
              53.543302130430924
            ],
            [
              10.0028356599821,
              53.54329941187184
            ],
            [
              10.002812601487173,
              53.543297736614726
            ],
            [
              10.002796011396923,
              53.543294581369345
            ],
            [
              10.00279072165543,
              53.54329130827852
            ],
            [
              10.002789792992747,
              53.54328885380132
            ]
          ]
        ],
        "type": "Polygon"
      },
      "id": "35",
      "properties": {
        "cell_id": 0,
        "idiso": 2
      },
      "type": "Feature"
    },
    {
      "geometry": {
        "coordinates": [
          [
            [
              10.002768983880792,
              53.54283237540932
            ],
            [
              10.002735512332235,
              53.542870087260134
            ],
            [
              10.002697859926949,
              53.5429173038242
            ],
            [
              10.002659559395664,
              53.54296924835042
            ],
            [
              10.002595791650911,
              53.54306182413043
            ],
            [
              10.002477751682854,
              53.54324183719911
            ],
            [
              10.002435411041251,
              53.54330433158031
            ],
            [
              10.00242151842109,
              53.543323299495
            ],
            [
              10.002377695357312,
              53.543372280473356
            ],
            [
              10.00236062463243,
              53.54339417621453
            ],
            [
              10.002353255688025,
              53.54340649203009
            ],
            [
              10.00235006905707,
              53.54341410158526
            ],
            [
              10.002348512562353,
              53.54342430406342
            ],
            [
              10.002349845781298,
              53.54343034388742
            ],
            [
              10.002355489950954,
              53.54344354578449
            ],
            [
              10.002364224882664,
              53.543458272845
            ],
            [
              10.002388832392393,
              53.54349100764535
            ],
            [
              10.002419399022674,
              53.54352595866737
            ],
            [
              10.00250289732178,
              53.54361641070963
            ],
            [
              10.002678444355958,
              53.54375685436102
            ],
            [
              10.002724767079323,
              53.54379951810737
            ],
            [
              10.00274689016506,
              53.54381587020114
            ],
            [
              10.002760012479891,
              53.54382220705208
            ],
            [
              10.003180880722354,
              53.54393464936761
            ],
            [
              10.003226596358095,
              53.543874143390575
            ],
            [
              10.003225731307454,
              53.54384404240924
            ],
            [
              10.003221982020772,
              53.54385006640168
            ],
            [
              10.00321036857284,
              53.54386029769486
            ],
            [
              10.003201839727966,
              53.54386509112434
            ],
            [
              10.003198163862422,
              53.54386615336029
            ],
            [
              10.003193822446065,
              53.54386620869821
            ],
            [
              10.00318207925024,
              53.54386402912511
            ],
            [
              10.003120952512939,
              53.54384661637896
            ],
            [
              10.0031053948106,
              53.54384072712575
            ],
            [
              10.003098527375718,
              53.543836084664335
            ],
            [
              10.003004230750564,
              53.54376215562766
            ],
            [
              10.00279839896345,
              53.54359544301609
            ],
            [
              10.002747626288363,
              53.54353328353802
            ],
            [
              10.002751931560198,
              53.54351049722679
            ],
            [
              10.00275486485773,
              53.54350152423748
            ],
            [
              10.002759516775525,
              53.54349596406197
            ],
            [
              10.002762703989179,
              53.54349517573631
            ],
            [
              10.002385436727126,
              53.54339702822715
            ],
            [
              10.00280027918402,
              53.54280640238419
            ],
            [
              10.003129323304858,
              53.542877566724854
            ],
            [
              10.003127504213479,
              53.542880204384446
            ],
            [
              10.003130221572158,
              53.54287968861818
            ],
            [
              10.003134696901377,
              53.54288097727126
            ],
            [
              10.003139702502791,
              53.54288331086066
            ],
            [
              10.003146393726528,
              53.542888074916924
            ],
            [
              10.003146209209003,
              53.54289422437028
            ],
            [
              10.00314235530964,
              53.54290559133453
            ],
            [
              10.003196931500774,
              53.54282897946004
            ],
            [
              10.003018044215933,
              53.54278775963445
            ],
            [
              10.002978907492965,
              53.54278576906853
            ],
            [
              10.002937850687902,
              53.54278474073553
            ],
            [
              10.002903008367063,
              53.54278493919322
            ],
            [
              10.002869109960713,
              53.54278651405315
            ],
            [
              10.00284581538195,
              53.542788858747706
            ],
            [
              10.002825522307655,
              53.54279240359151
            ],
            [
              10.002809289546523,
              53.542797331124
            ],
            [
              10.002798175908177,
              53.54280382388486
            ],
            [
              10.002768983880792,
              53.54283237540932
            ]
          ]
        ],
        "type": "Polygon"
      },
      "id": "107",
      "properties": {
        "cell_id": 0,
        "idiso": 5
      },
      "type": "Feature"
    },
    {
      "geometry": {
        "coordinates": [
          [
            [
              10.005374453391314,
              53.54098067007693
            ],
            [
              10.005387752097764,
              53.54096651147883
            ],
            [
              10.005396149799825,
              53.54095643210963
            ],
            [
              10.005391430390121,
              53.54095647178805
            ],
            [
              10.005374453391314,
              53.54098067007693
            ]
          ]
        ],
        "type": "Polygon"
      },
      "id": "46",
      "properties": {
        "cell_id": 0,
        "idiso": 3
      },
      "type": "Feature"
    },
    {
      "geometry": {
        "coordinates": [
          [
            [
              10.005374453391314,
              53.54098067007693
            ],
            [
              10.004983060197773,
              53.54153853694998
            ],
            [
              10.004851759027066,
              53.54150588455761
            ],
            [
              10.00486433108568,
              53.54151478599489
            ],
            [
              10.004885756775332,
              53.54152787936842
            ],
            [
              10.004936301592295,
              53.54155543529937
            ],
            [
              10.004973795709857,
              53.54157239951582
            ],
            [
              10.004987325657183,
              53.54157725723673
            ],
            [
              10.004999358561278,
              53.54158053805341
            ],
            [
              10.005009455516635,
              53.54158192515967
            ],
            [
              10.005017177617846,
              53.54158110174947
            ],
            [
              10.005027113612847,
              53.541576837152455
            ],
            [
              10.005037525435474,
              53.54157037781277
            ],
            [
              10.005048316922396,
              53.541561991453065
            ],
            [
              10.00506312995274,
              53.541548274784034
            ],
            [
              10.005078219043906,
              53.54153224285516
            ],
            [
              10.005097121365814,
              53.541509913886685
            ],
            [
              10.00513337080632,
              53.54146233569756
            ],
            [
              10.00550235288998,
              53.5409555391584
            ],
            [
              10.005396149799825,
              53.54095643210963
            ],
            [
              10.005374453391314,
              53.54098067007693
            ]
          ]
        ],
        "type": "Polygon"
      },
      "id": "91",
      "properties": {
        "cell_id": 0,
        "idiso": 4
      },
      "type": "Feature"
    },
    {
      "geometry": {
        "coordinates": [
          [
            [
              10.005766909969063,
              53.54097866310416
            ],
            [
              10.005779207980465,
              53.54161921707419
            ],
            [
              10.005784229978378,
              53.54200630524117
            ],
            [
              10.005784519453117,
              53.54232842659246
            ],
            [
              10.005782640372724,
              53.54244868906479
            ],
            [
              10.005779362654545,
              53.54254366315104
            ],
            [
              10.005776263225018,
              53.5425576509523
            ],
            [
              10.005766546547768,
              53.54257755254662
            ],
            [
              10.005748999462178,
              53.542603760770064
            ],
            [
              10.005711294024552,
              53.54265333729847
            ],
            [
              10.00569655455562,
              53.54267435979839
            ],
            [
              10.005686159016358,
              53.54269314489004
            ],
            [
              10.005682570585357,
              53.54270597791384
            ],
            [
              10.005683915583157,
              53.54271278411613
            ],
            [
              10.005689752347665,
              53.54272444227549
            ],
            [
              10.005726628515863,
              53.542772578318974
            ],
            [
              10.005731832143033,
              53.542782239833905
            ],
            [
              10.005735560222139,
              53.5427938390549
            ],
            [
              10.005734647843099,
              53.542800134958775
            ],
            [
              10.005730713918565,
              53.542811666486394
            ],
            [
              10.005709309599483,
              53.542862025142384
            ],
            [
              10.005710363512755,
              53.542863847428
            ],
            [
              10.005709192057934,
              53.54289619918533
            ],
            [
              10.00571567234661,
              53.54290515289515
            ],
            [
              10.005712517132206,
              53.54291157777795
            ],
            [
              10.005713177013892,
              53.542912515328354
            ],
            [
              10.005811531137532,
              53.54293929156394
            ],
            [
              10.005813334984754,
              53.542933969311584
            ],
            [
              10.00581212882506,
              53.54288309174084
            ],
            [
              10.00573491713873,
              53.542862270037816
            ],
            [
              10.005809320098075,
              53.54276461494613
            ],
            [
              10.005766989838754,
              53.540978951570274
            ],
            [
              10.005766909969063,
              53.54097866310416
            ]
          ]
        ],
        "type": "Polygon"
      },
      "id": "32",
      "properties": {
        "cell_id": 0,
        "idiso": 2
      },
      "type": "Feature"
    },
    {
      "geometry": {
        "coordinates": [
          [
            [
              10.005677266319209,
              53.54095574247147
            ],
            [
              10.005677042905443,
              53.54095904469888
            ],
            [
              10.005679377682881,
              53.54097031935029
            ],
            [
              10.005688811935617,
              53.54148241999287
            ],
            [
              10.00569108761295,
              53.541665772082396
            ],
            [
              10.005690514704506,
              53.54185477308671
            ],
            [
              10.005688414217815,
              53.54193559108986
            ],
            [
              10.005686119273612,
              53.54197004222886
            ],
            [
              10.005681826888845,
              53.54198156875467
            ],
            [
              10.005672363744896,
              53.541998621660085
            ],
            [
              10.005627958746222,
              53.54206116412971
            ],
            [
              10.005394224032697,
              53.542436657125734
            ],
            [
              10.005323192593288,
              53.542556665128394
            ],
            [
              10.005294878080765,
              53.542608013113075
            ],
            [
              10.005283875041538,
              53.542630641881644
            ],
            [
              10.005284147763922,
              53.54263405629777
            ],
            [
              10.005287391805537,
              53.542641715645175
            ],
            [
              10.005293191080773,
              53.54265003803456
            ],
            [
              10.005315542820533,
              53.54267669015801
            ],
            [
              10.005358679498904,
              53.542750448245314
            ],
            [
              10.005382608506912,
              53.54278555736484
            ],
            [
              10.005403411934173,
              53.542808409999495
            ],
            [
              10.005432853900093,
              53.54283768748613
            ],
            [
              10.005461411114934,
              53.542863548090125
            ],
            [
              10.00548504322847,
              53.5428824660336
            ],
            [
              10.005502472832124,
              53.54289414685026
            ],
            [
              10.005517536705979,
              53.5429014248009
            ],
            [
              10.005589085485823,
              53.5428608753164
            ],
            [
              10.005604700818248,
              53.5428706354215
            ],
            [
              10.005521279960261,
              53.54292322771413
            ],
            [
              10.005515281403422,
              53.54293709099034
            ],
            [
              10.005511508861801,
              53.542959914458024
            ],
            [
              10.005511440551054,
              53.54298343541149
            ],
            [
              10.005514609987232,
              53.54300186023728
            ],
            [
              10.005516817655476,
              53.54300432435717
            ],
            [
              10.005521268041761,
              53.54300668475831
            ],
            [
              10.005540691081507,
              53.543013535155765
            ],
            [
              10.005551315245546,
              53.543018301257725
            ],
            [
              10.005554913692775,
              53.54302396903255
            ],
            [
              10.005561651248842,
              53.543046007898276
            ],
            [
              10.005567675586013,
              53.543072366482534
            ],
            [
              10.005590165957576,
              53.54320156626702
            ],
            [
              10.005593261502728,
              53.543211887297055
            ],
            [
              10.005600432981595,
              53.54322201607896
            ],
            [
              10.005619013660528,
              53.54324353861208
            ],
            [
              10.00576235263822,
              53.54341971188825
            ],
            [
              10.005805167065386,
              53.5435186600731
            ],
            [
              10.005821615269753,
              53.54351701673603
            ],
            [
              10.005825515507421,
              53.543516225803835
            ],
            [
              10.005827105904688,
              53.54351483570308
            ],
            [
              10.005818253856912,
              53.54314145288201
            ],
            [
              10.00581397818282,
              53.543142165804355
            ],
            [
              10.005805799571496,
              53.54312315715724
            ],
            [
              10.005780437567523,
              53.54309334985649
            ],
            [
              10.005773277335434,
              53.54308318505488
            ],
            [
              10.005771327090555,
              53.54307676340057
            ],
            [
              10.005768392143617,
              53.54305241649251
            ],
            [
              10.005765670893842,
              53.543046443950516
            ],
            [
              10.00576210858914,
              53.54304369726521
            ],
            [
              10.005730698814924,
              53.5430294508414
            ],
            [
              10.005628479080865,
              53.54300183404034
            ],
            [
              10.00569961960283,
              53.54290882440713
            ],
            [
              10.005713177013892,
              53.542912515328354
            ],
            [
              10.005712517132205,
              53.54291157777795
            ],
            [
              10.005715339042464,
              53.54290651459893
            ],
            [
              10.005714811805642,
              53.542903566471026
            ],
            [
              10.005709192057934,
              53.54289619918533
            ],
            [
              10.005710363512755,
              53.542863847428
            ],
            [
              10.005709309599483,
              53.542862025142384
            ],
            [
              10.005730713918565,
              53.542811666486394
            ],
            [
              10.005734647843097,
              53.54280013495879
            ],
            [
              10.005735560222139,
              53.5427938390549
            ],
            [
              10.005731832143033,
              53.542782239833905
            ],
            [
              10.00572662851586,
              53.542772578318974
            ],
            [
              10.005698652136108,
              53.542737091632816
            ],
            [
              10.005687381973617,
              53.54272040456542
            ],
            [
              10.005682946241492,
              53.54270926366265
            ],
            [
              10.005682851952093,
              53.542702958012505
            ],
            [
              10.005687793089894,
              53.54268961116938
            ],
            [
              10.00569655455562,
              53.54267435979842
            ],
            [
              10.005755367037537,
              53.54259483132895
            ],
            [
              10.005766546547768,
              53.542577552546646
            ],
            [
              10.005774785036095,
              53.54256144105471
            ],
            [
              10.005778408111242,
              53.542550407761645
            ],
            [
              10.005779362654545,
              53.54254366315104
            ],
            [
              10.00578253834197,
              53.54245290762079
            ],
            [
              10.00578504367775,
              53.54222409625442
            ],
            [
              10.00578338050947,
              53.54191602289999
            ],
            [
              10.005778393965238,
              53.54157203771719
            ],
            [
              10.005766382231183,
              53.54095331880165
            ],
            [
              10.005679249089603,
              53.54095405161293
            ],
            [
              10.005677266319209,
              53.54095574247147
            ]
          ]
        ],
        "type": "Polygon"
      },
      "id": "45",
      "properties": {
        "cell_id": 0,
        "idiso": 3
      },
      "type": "Feature"
    },
    {
      "geometry": {
        "coordinates": [
          [
            [
              10.005813473697605,
              53.54293982041143
            ],
            [
              10.005813334984754,
              53.542933969311584
            ],
            [
              10.00581208663882,
              53.54293688784156
            ],
            [
              10.005811531137532,
              53.54293929156394
            ],
            [
              10.005813473697605,
              53.54293982041143
            ]
          ]
        ],
        "type": "Polygon"
      },
      "id": "21",
      "properties": {
        "cell_id": 0,
        "idiso": 1
      },
      "type": "Feature"
    },
    {
      "geometry": {
        "coordinates": [
          [
            [
              10.005730698814924,
              53.5430294508414
            ],
            [
              10.0057560623912,
              53.543040517111365
            ],
            [
              10.005765670893842,
              53.543046443950516
            ],
            [
              10.00576917145003,
              53.54305616431949
            ],
            [
              10.005771327090553,
              53.543076763400585
            ],
            [
              10.005773277335434,
              53.54308318505488
            ],
            [
              10.005780437567521,
              53.54309334985649
            ],
            [
              10.005805799571496,
              53.54312315715724
            ],
            [
              10.005814563348485,
              53.54314236238589
            ],
            [
              10.005818253856912,
              53.54314145288201
            ],
            [
              10.00581614587289,
              53.5430525360579
            ],
            [
              10.005730698814924,
              53.5430294508414
            ]
          ]
        ],
        "type": "Polygon"
      },
      "id": "37",
      "properties": {
        "cell_id": 0,
        "idiso": 2
      },
      "type": "Feature"
    },
    {
      "geometry": {
        "coordinates": [
          [
            [
              10.005009484159679,
              53.54357306662576
            ],
            [
              10.005008661478543,
              53.54356122528189
            ],
            [
              10.0050107457229,
              53.54355487903982
            ],
            [
              10.004908496145935,
              53.54370145041498
            ],
            [
              10.005131705448537,
              53.543751263819864
            ],
            [
              10.005123372168406,
              53.54374748127301
            ],
            [
              10.005115540191923,
              53.54374225134403
            ],
            [
              10.005108174692614,
              53.54373580038284
            ],
            [
              10.005097924904877,
              53.543724329646
            ],
            [
              10.005085566140576,
              53.54370687431623
            ],
            [
              10.005057130213864,
              53.54366014300923
            ],
            [
              10.005024622378127,
              53.54361984130534
            ],
            [
              10.005009484159679,
              53.54357306662576
            ]
          ]
        ],
        "type": "Polygon"
      },
      "id": "128",
      "properties": {
        "cell_id": 0,
        "idiso": 5
      },
      "type": "Feature"
    },
    {
      "geometry": {
        "coordinates": [
          [
            [
              10.005511440551054,
              53.542983435411514
            ],
            [
              10.0055115088618,
              53.542959914458024
            ],
            [
              10.00551528140342,
              53.542937090990364
            ],
            [
              10.005521279960261,
              53.54292322771413
            ],
            [
              10.005396511130272,
              53.5430018872928
            ],
            [
              10.0050107457229,
              53.54355487903982
            ],
            [
              10.005008661478543,
              53.54356122528188
            ],
            [
              10.005009484159679,
              53.54357306662574
            ],
            [
              10.005024622378127,
              53.54361984130534
            ],
            [
              10.005057130213862,
              53.54366014300923
            ],
            [
              10.005085566140576,
              53.54370687431623
            ],
            [
              10.005097924904877,
              53.543724329646
            ],
            [
              10.005111801309285,
              53.54373916434561
            ],
            [
              10.005119395693855,
              53.54374503308442
            ],
            [
              10.005127473968868,
              53.54374956761608
            ],
            [
              10.005131705448537,
              53.543751263819864
            ],
            [
              10.005695349003988,
              53.543877049225934
            ],
            [
              10.00578848167944,
              53.544196375467294
            ],
            [
              10.005756345690246,
              53.54438435618541
            ],
            [
              10.005737380990057,
              53.54442088976114
            ],
            [
              10.005742627336744,
              53.5444308313034
            ],
            [
              10.005752550977807,
              53.54444281419225
            ],
            [
              10.005764650324844,
              53.54445401796906
            ],
            [
              10.005776423783868,
              53.54446162217593
            ],
            [
              10.00584979015792,
              53.54447162802171
            ],
            [
              10.005827105904688,
              53.54351483570308
            ],
            [
              10.005825515507421,
              53.543516225803835
            ],
            [
              10.005821615269753,
              53.54351701673603
            ],
            [
              10.005804875464833,
              53.543518542356146
            ],
            [
              10.00576235263822,
              53.54341971188825
            ],
            [
              10.005595073821887,
              53.54321489373456
            ],
            [
              10.005592027708413,
              53.543208953571806
            ],
            [
              10.005590165957578,
              53.54320156626702
            ],
            [
              10.005566716956952,
              53.543067761436255
            ],
            [
              10.005560580462262,
              53.54304197875343
            ],
            [
              10.005554913692775,
              53.54302396903253
            ],
            [
              10.005551315245544,
              53.54301830125774
            ],
            [
              10.005540691081505,
              53.543013535155765
            ],
            [
              10.00552126804176,
              53.54300668475832
            ],
            [
              10.005516817655474,
              53.54300432435718
            ],
            [
              10.005514609987232,
              53.54300186023728
            ],
            [
              10.005511440551054,
              53.542983435411514
            ]
          ]
        ],
        "type": "Polygon"
      },
      "id": "93",
      "properties": {
        "cell_id": 0,
        "idiso": 4
      },
      "type": "Feature"
    },
    {
      "geometry": {
        "coordinates": [
          [
            [
              10.004507007122484,
              53.544285734813485
            ],
            [
              10.005698102759737,
              53.544450912989035
            ],
            [
              10.005712120094337,
              53.54442391009021
            ],
            [
              10.005661361266045,
              53.54441890998819
            ],
            [
              10.00559962291384,
              53.544411191561885
            ],
            [
              10.005522450702628,
              53.54440013738934
            ],
            [
              10.005440944611893,
              53.5443872487301
            ],
            [
              10.005359957833102,
              53.54437332637399
            ],
            [
              10.005291524897006,
              53.54436057430601
            ],
            [
              10.005224895310286,
              53.54434689414768
            ],
            [
              10.005181304574082,
              53.544336547917915
            ],
            [
              10.005158044810633,
              53.544329332378695
            ],
            [
              10.00513233143428,
              53.54432012456466
            ],
            [
              10.005098701576024,
              53.54430656989438
            ],
            [
              10.005072176980573,
              53.5442946956243
            ],
            [
              10.005047384908826,
              53.544282443448495
            ],
            [
              10.005025613397283,
              53.54427031009818
            ],
            [
              10.005008150479956,
              53.54425879230538
            ],
            [
              10.004998655638753,
              53.54425085673599
            ],
            [
              10.004993652134711,
              53.54424515159926
            ],
            [
              10.004986969597317,
              53.544234553961275
            ],
            [
              10.004978126574429,
              53.544212835594976
            ],
            [
              10.004971533371629,
              53.54418327922207
            ],
            [
              10.00496963180012,
              53.544154146454055
            ],
            [
              10.004970542252472,
              53.5441411404087
            ],
            [
              10.004972747864432,
              53.544129922048675
            ],
            [
              10.00500433217563,
              53.54403841951857
            ],
            [
              10.005025513108569,
              53.543981642858526
            ],
            [
              10.005045339490525,
              53.5439340545822
            ],
            [
              10.00506477157706,
              53.54389309396686
            ],
            [
              10.005085840678367,
              53.54385524112125
            ],
            [
              10.005105569780152,
              53.54382606277154
            ],
            [
              10.005126462334454,
              53.54380180854749
            ],
            [
              10.005138907162111,
              53.54379061683728
            ],
            [
              10.00514847639887,
              53.54378366599421
            ],
            [
              10.005158243924166,
              53.54377805582341
            ],
            [
              10.005168206436887,
              53.54377387980515
            ],
            [
              10.004899922137147,
              53.54371392800956
            ],
            [
              10.004507007122484,
              53.544285734813485
            ]
          ]
        ],
        "type": "Polygon"
      },
      "id": "129",
      "properties": {
        "cell_id": 0,
        "idiso": 5
      },
      "type": "Feature"
    },
    {
      "geometry": {
        "coordinates": [
          [
            [
              10.005158243924164,
              53.54377805582341
            ],
            [
              10.005148476398869,
              53.543783665994226
            ],
            [
              10.00512953951512,
              53.54379881487242
            ],
            [
              10.005108484177264,
              53.543822268707466
            ],
            [
              10.00508858629995,
              53.54385081631751
            ],
            [
              10.005069887828313,
              53.54388327015744
            ],
            [
              10.005050040617478,
              53.543923620017424
            ],
            [
              10.005029728507163,
              53.54397105091523
            ],
            [
              10.005009767605593,
              53.54402332169268
            ],
            [
              10.004972747864432,
              53.544129922048675
            ],
            [
              10.004969793893094,
              53.54414964707851
            ],
            [
              10.004970881831177,
              53.54417827322757
            ],
            [
              10.00497671573468,
              53.544208070441194
            ],
            [
              10.00498496751391,
              53.544230560484245
            ],
            [
              10.004991313417065,
              53.54424187028156
            ],
            [
              10.004996100045064,
              53.54424815400501
            ],
            [
              10.005008150479958,
              53.54425879230539
            ],
            [
              10.005025613397285,
              53.54427031009819
            ],
            [
              10.00504738490883,
              53.54428244344851
            ],
            [
              10.005072176980576,
              53.544294695624316
            ],
            [
              10.00510545248968,
              53.54430942120354
            ],
            [
              10.005138919364608,
              53.54432258612917
            ],
            [
              10.005170061896829,
              53.544333220228104
            ],
            [
              10.005191611836599,
              53.54433925335732
            ],
            [
              10.00524357268727,
              53.5443508993233
            ],
            [
              10.005306174956663,
              53.54436339450453
            ],
            [
              10.005375880691101,
              53.54437615510259
            ],
            [
              10.005457359587037,
              53.54438993478314
            ],
            [
              10.005538387157548,
              53.54440252060783
            ],
            [
              10.005606914923392,
              53.544412165252346
            ],
            [
              10.005667608044018,
              53.54441961047019
            ],
            [
              10.005712120094337,
              53.54442391009021
            ],
            [
              10.005734054568586,
              53.54438165559544
            ],
            [
              10.005765718578669,
              53.54419643631338
            ],
            [
              10.005676051251768,
              53.543887362554855
            ],
            [
              10.005168206436887,
              53.54377387980515
            ],
            [
              10.005158243924164,
              53.54377805582341
            ]
          ]
        ],
        "type": "Polygon"
      },
      "id": "94",
      "properties": {
        "cell_id": 0,
        "idiso": 4
      },
      "type": "Feature"
    },
    {
      "geometry": {
        "coordinates": [
          [
            [
              10.00359900543098,
              53.5420296107726
            ],
            [
              10.003606645224663,
              53.542034611778476
            ],
            [
              10.003620785518239,
              53.54204072623515
            ],
            [
              10.00373044547702,
              53.5420728211363
            ],
            [
              10.004143797115633,
              53.54220670916624
            ],
            [
              10.00426939253336,
              53.54224658427278
            ],
            [
              10.004367601857636,
              53.54227610814432
            ],
            [
              10.004445648768966,
              53.542298000393096
            ],
            [
              10.00446929362139,
              53.542303774423566
            ],
            [
              10.00448440635716,
              53.54230657561311
            ],
            [
              10.004497759980948,
              53.542307594552874
            ],
            [
              10.004502711576032,
              53.54230699359007
            ],
            [
              10.004505944733339,
              53.54230541655813
            ],
            [
              10.004519756574,
              53.54229081667825
            ],
            [
              10.004546943996528,
              53.5422563011687
            ],
            [
              10.00457536071255,
              53.54221564789401
            ],
            [
              10.004632491139564,
              53.542129661241226
            ],
            [
              10.004661506561705,
              53.54208990966592
            ],
            [
              10.00484043811005,
              53.54186469697712
            ],
            [
              10.004880279904532,
              53.541812717330416
            ],
            [
              10.004913578733396,
              53.54176719066994
            ],
            [
              10.004947960671275,
              53.54171632988161
            ],
            [
              10.004972307956539,
              53.54167485433195
            ],
            [
              10.004982051173803,
              53.54165484936624
            ],
            [
              10.004987998731034,
              53.54163981240168
            ],
            [
              10.004992284368996,
              53.54162393463715
            ],
            [
              10.004990836699802,
              53.541619562514384
            ],
            [
              10.00498847969989,
              53.54161764702252
            ],
            [
              10.004980819548653,
              53.54161432538335
            ],
            [
              10.004962924479987,
              53.54161052090189
            ],
            [
              10.00493888045864,
              53.54160797737845
            ],
            [
              10.004900245057984,
              53.54160625075379
            ],
            [
              10.004857850181446,
              53.54160605363438
            ],
            [
              10.004805813300976,
              53.541607338118254
            ],
            [
              10.004755338118784,
              53.54161007560798
            ],
            [
              10.004730983403356,
              53.54161282078422
            ],
            [
              10.004901166862284,
              53.54165516932897
            ],
            [
              10.004477786584657,
              53.542258948136514
            ],
            [
              10.004261499416138,
              53.54221629953579
            ],
            [
              10.004270880534273,
              53.542204188904364
            ],
            [
              10.003755756845862,
              53.54207765059549
            ],
            [
              10.003765530722426,
              53.54206505770194
            ],
            [
              10.003599481637123,
              53.54202901646246
            ],
            [
              10.00359900543098,
              53.5420296107726
            ]
          ]
        ],
        "type": "Polygon"
      },
      "id": "76",
      "properties": {
        "cell_id": 0,
        "idiso": 4
      },
      "type": "Feature"
    },
    {
      "geometry": {
        "coordinates": [
          [
            [
              10.003109005680546,
              53.542747368942884
            ],
            [
              10.0031185532158,
              53.54275201338989
            ],
            [
              10.003323746478909,
              53.542811660372685
            ],
            [
              10.003521849222496,
              53.54286861844666
            ],
            [
              10.003651422065964,
              53.542904675289094
            ],
            [
              10.003773308996575,
              53.54293663136433
            ],
            [
              10.003888721022719,
              53.54296530151995
            ],
            [
              10.003980205622508,
              53.5429861006765
            ],
            [
              10.004019791170471,
              53.54299387365396
            ],
            [
              10.004023803360205,
              53.54299360570266
            ],
            [
              10.004031991862353,
              53.542988729628625
            ],
            [
              10.004046862784099,
              53.54297390475474
            ],
            [
              10.004412838122073,
              53.542452127295064
            ],
            [
              10.004452650145137,
              53.54240652365034
            ],
            [
              10.004467542393314,
              53.54238779109353
            ],
            [
              10.00447530260859,
              53.542374948273654
            ],
            [
              10.004478006512835,
              53.54236742736736
            ],
            [
              10.004478208201869,
              53.54236102944643
            ],
            [
              10.004475456340945,
              53.54235600325916
            ],
            [
              10.004469493563633,
              53.54235228792961
            ],
            [
              10.004453710066228,
              53.542344976183465
            ],
            [
              10.004411896073007,
              53.54232985101616
            ],
            [
              10.004359332026825,
              53.542314349885984
            ],
            [
              10.004283834316395,
              53.54229498030565
            ],
            [
              10.003880726776051,
              53.54220256579405
            ],
            [
              10.003559637335663,
              53.54213199261873
            ],
            [
              10.003552548445006,
              53.542131461366985
            ],
            [
              10.003568759977483,
              53.5421359175424
            ],
            [
              10.003560782586689,
              53.54214724631889
            ],
            [
              10.004394998837574,
              53.54237691520269
            ],
            [
              10.004100273370105,
              53.54279683442049
            ],
            [
              10.004072513848318,
              53.54278991509343
            ],
            [
              10.004049202186536,
              53.54282305128672
            ],
            [
              10.004076850235508,
              53.54282981182191
            ],
            [
              10.003990138234679,
              53.5429534072532
            ],
            [
              10.003142947887744,
              53.542742351122634
            ],
            [
              10.00313493610629,
              53.54275386585257
            ],
            [
              10.003109005680546,
              53.542747368942884
            ]
          ]
        ],
        "type": "Polygon"
      },
      "id": "73",
      "properties": {
        "cell_id": 0,
        "idiso": 4
      },
      "type": "Feature"
    },
    {
      "geometry": {
        "coordinates": [
          [
            [
              10.005677042905443,
              53.54095904469888
            ],
            [
              10.005677266319209,
              53.54095574247147
            ],
            [
              10.005679249089603,
              53.54095405161293
            ],
            [
              10.00552724443625,
              53.540955329857645
            ],
            [
              10.003954915683508,
              53.543177530887434
            ],
            [
              10.003953623859317,
              53.543193711764594
            ],
            [
              10.003957247724559,
              53.54321497803081
            ],
            [
              10.003965840522294,
              53.54323801104207
            ],
            [
              10.003981191445636,
              53.543266761894245
            ],
            [
              10.004001196383463,
              53.54329713503628
            ],
            [
              10.004024719579652,
              53.543328709150884
            ],
            [
              10.004127637110807,
              53.54345403965318
            ],
            [
              10.004167709406707,
              53.54350714194749
            ],
            [
              10.004183755202906,
              53.543532098123336
            ],
            [
              10.00419618710193,
              53.54355563723087
            ],
            [
              10.004204289855096,
              53.54357749395448
            ],
            [
              10.00420721914582,
              53.54359423132422
            ],
            [
              10.004206785024671,
              53.543618137663046
            ],
            [
              10.004202024983345,
              53.543648593993815
            ],
            [
              10.00419333736896,
              53.5436819256388
            ],
            [
              10.004179675429697,
              53.54372225197327
            ],
            [
              10.004148004404907,
              53.54379923681807
            ],
            [
              10.004064198958181,
              53.54398386896346
            ],
            [
              10.00404699404461,
              53.54402608935545
            ],
            [
              10.004034293644912,
              53.5440615662462
            ],
            [
              10.004024708163422,
              53.54409460230917
            ],
            [
              10.004019385173573,
              53.544121122330075
            ],
            [
              10.00401737670455,
              53.54414507184044
            ],
            [
              10.004019116598604,
              53.54416612335577
            ],
            [
              10.004334336579475,
              53.54425347262724
            ],
            [
              10.004400005510302,
              53.54426612999644
            ],
            [
              10.004435667029737,
              53.544233960709775
            ],
            [
              10.00448025513828,
              53.54419115648357
            ],
            [
              10.00452861297168,
              53.544142616410156
            ],
            [
              10.004582675423556,
              53.544086314139186
            ],
            [
              10.004635724795664,
              53.544029089221915
            ],
            [
              10.004681349137007,
              53.54397805964546
            ],
            [
              10.004721477412824,
              53.54393119361085
            ],
            [
              10.00475388588276,
              53.54389086697924
            ],
            [
              10.005324548120093,
              53.54306037466329
            ],
            [
              10.005415347793923,
              53.54295933903549
            ],
            [
              10.005517536705979,
              53.5429014248009
            ],
            [
              10.00550649858007,
              53.54289642717346
            ],
            [
              10.005493992958828,
              53.542888779893204
            ],
            [
              10.005461411114931,
              53.54286354809014
            ],
            [
              10.005423813486233,
              53.5428289679771
            ],
            [
              10.00538515920754,
              53.54278866057579
            ],
            [
              10.005374773938867,
              53.542775103949424
            ],
            [
              10.00536137196757,
              53.54275480108068
            ],
            [
              10.005315542820533,
              53.54267669015801
            ],
            [
              10.005293191080774,
              53.54265003803458
            ],
            [
              10.005287391805537,
              53.54264171564519
            ],
            [
              10.005284147763922,
              53.54263405629778
            ],
            [
              10.005283875041538,
              53.54263064188166
            ],
            [
              10.005294878080763,
              53.54260801311316
            ],
            [
              10.005323192593286,
              53.54255666512846
            ],
            [
              10.005394224032695,
              53.542436657125805
            ],
            [
              10.005627958746224,
              53.54206116412971
            ],
            [
              10.005672363744898,
              53.54199862166008
            ],
            [
              10.005681826888846,
              53.54198156875467
            ],
            [
              10.005686119273614,
              53.541970042228854
            ],
            [
              10.005688414217813,
              53.54193559108989
            ],
            [
              10.005690514704506,
              53.54185477308674
            ],
            [
              10.005691087612947,
              53.5416657720824
            ],
            [
              10.005688811935617,
              53.541482419992896
            ],
            [
              10.005679377682881,
              53.54097031935029
            ],
            [
              10.005677042905443,
              53.54095904469888
            ]
          ]
        ],
        "type": "Polygon"
      },
      "id": "92",
      "properties": {
        "cell_id": 0,
        "idiso": 4
      },
      "type": "Feature"
    },
    {
      "geometry": {
        "coordinates": [
          [
            [
              10.003380585756434,
              53.54398917911971
            ],
            [
              10.004019116598604,
              53.54416612335577
            ],
            [
              10.004017376704551,
              53.54414507184044
            ],
            [
              10.004019385173576,
              53.5441211223301
            ],
            [
              10.004024708163424,
              53.54409460230917
            ],
            [
              10.004034293644912,
              53.54406156624623
            ],
            [
              10.004046994044614,
              53.54402608935545
            ],
            [
              10.004064198958181,
              53.54398386896346
            ],
            [
              10.004148004404907,
              53.54379923681807
            ],
            [
              10.004179675429699,
              53.54372225197327
            ],
            [
              10.004193337368962,
              53.54368192563881
            ],
            [
              10.004202024983346,
              53.543648593993815
            ],
            [
              10.004206785024673,
              53.54361813766306
            ],
            [
              10.00420721914582,
              53.54359423132422
            ],
            [
              10.004204289855089,
              53.54357749395447
            ],
            [
              10.004196187101924,
              53.54355563723086
            ],
            [
              10.004183755202899,
              53.543532098123336
            ],
            [
              10.004167709406703,
              53.54350714194749
            ],
            [
              10.004127637110802,
              53.54345403965318
            ],
            [
              10.004024719579647,
              53.54332870915088
            ],
            [
              10.004001196383458,
              53.54329713503628
            ],
            [
              10.003981191445634,
              53.54326676189424
            ],
            [
              10.003965840522289,
              53.54323801104206
            ],
            [
              10.003957247724554,
              53.54321497803079
            ],
            [
              10.00395362385931,
              53.54319371176459
            ],
            [
              10.003954915683508,
              53.543177530887434
            ],
            [
              10.003380585756434,
              53.54398917911971
            ]
          ]
        ],
        "type": "Polygon"
      },
      "id": "132",
      "properties": {
        "cell_id": 0,
        "idiso": 5
      },
      "type": "Feature"
    },
    {
      "geometry": {
        "coordinates": [
          [
            [
              10.004721477412827,
              53.54393119361085
            ],
            [
              10.00468134913701,
              53.543978059645475
            ],
            [
              10.004635724795666,
              53.54402908922192
            ],
            [
              10.004582675423556,
              53.544086314139186
            ],
            [
              10.004528612971681,
              53.54414261641017
            ],
            [
              10.004480255138283,
              53.54419115648357
            ],
            [
              10.004435667029737,
              53.5442339607098
            ],
            [
              10.004400005510302,
              53.54426612999644
            ],
            [
              10.004484791158733,
              53.54428247195592
            ],
            [
              10.00475388588276,
              53.54389086697924
            ],
            [
              10.004721477412827,
              53.54393119361085
            ]
          ]
        ],
        "type": "Polygon"
      },
      "id": "130",
      "properties": {
        "cell_id": 0,
        "idiso": 5
      },
      "type": "Feature"
    },
    {
      "geometry": {
        "coordinates": [
          [
            [
              10.003781046342153,
              53.544616201218915
            ],
            [
              10.00376122458824,
              53.54460368895713
            ],
            [
              10.003690622246548,
              53.54455259118173
            ],
            [
              10.003527304560873,
              53.54444008790881
            ],
            [
              10.00345463703244,
              53.54439142721803
            ],
            [
              10.003405386583957,
              53.54436054582249
            ],
            [
              10.003369798404869,
              53.54434069810988
            ],
            [
              10.003319211715821,
              53.544314808293336
            ],
            [
              10.003126614431679,
              53.54422154521962
            ],
            [
              10.003106861328241,
              53.54420910873254
            ],
            [
              10.003102507128723,
              53.54420751499414
            ],
            [
              10.003099604105406,
              53.54420811283814
            ],
            [
              10.002977260396385,
              53.54436964023942
            ],
            [
              10.00298085306371,
              53.54436991685806
            ],
            [
              10.002990745186105,
              53.54437335967704
            ],
            [
              10.003008817188787,
              53.54438284053153
            ],
            [
              10.00308397702154,
              53.54443162111336
            ],
            [
              10.003433332422368,
              53.54466711005903
            ],
            [
              10.003507813205045,
              53.54472163176088
            ],
            [
              10.00353895385924,
              53.54474320682276
            ],
            [
              10.003564044843538,
              53.54475873457974
            ],
            [
              10.003587170717337,
              53.544770459566436
            ],
            [
              10.00370863009971,
              53.54482093936144
            ],
            [
              10.003856521068952,
              53.54487994344415
            ],
            [
              10.004010283295626,
              53.54493951072394
            ],
            [
              10.004164096872426,
              53.54499746674323
            ],
            [
              10.004294044296996,
              53.54504488458526
            ],
            [
              10.00440541971316,
              53.54508371225995
            ],
            [
              10.004425598218992,
              53.5450896860306
            ],
            [
              10.004452241070044,
              53.54509315119373
            ],
            [
              10.004491719612904,
              53.54509495925499
            ],
            [
              10.004582797236923,
              53.545096282837406
            ],
            [
              10.004588787059888,
              53.545096816616336
            ],
            [
              10.004592740692713,
              53.54509828886674
            ],
            [
              10.00472493400557,
              53.5452061909427
            ],
            [
              10.004853734330522,
              53.545313257818336
            ],
            [
              10.004962968565689,
              53.54540605159953
            ],
            [
              10.005048044866054,
              53.54548052226867
            ],
            [
              10.00509459076903,
              53.545522869501944
            ],
            [
              10.005115355130814,
              53.54554315454047
            ],
            [
              10.005118094183128,
              53.54555072393568
            ],
            [
              10.005118414909882,
              53.545564722775495
            ],
            [
              10.005115676936922,
              53.545579027279
            ],
            [
              10.005110159182241,
              53.54559299869679
            ],
            [
              10.005107174443193,
              53.54559401574326
            ],
            [
              10.005101436293733,
              53.545593751567104
            ],
            [
              10.005081969964616,
              53.545590776416574
            ],
            [
              10.005062468817846,
              53.545588941227905
            ],
            [
              10.005055214118153,
              53.545587286585985
            ],
            [
              10.004750767219251,
              53.54568282036724
            ],
            [
              10.004750849726854,
              53.54568360058789
            ],
            [
              10.004771944110924,
              53.54568558257161
            ],
            [
              10.005040382281347,
              53.545720487261875
            ],
            [
              10.005084510467004,
              53.54572408659714
            ],
            [
              10.00520314455348,
              53.54573608422829
            ],
            [
              10.005260476048404,
              53.545741128703646
            ],
            [
              10.005316034772823,
              53.54574404746185
            ],
            [
              10.005336916311299,
              53.54574375667086
            ],
            [
              10.005340069768476,
              53.545742788782746
            ],
            [
              10.005341994390113,
              53.54574049205057
            ],
            [
              10.00534301732936,
              53.545732981987285
            ],
            [
              10.005338959364918,
              53.5457063777985
            ],
            [
              10.005341991087086,
              53.545670134979176
            ],
            [
              10.005372870220926,
              53.545445237498306
            ],
            [
              10.005378961986498,
              53.5453897638337
            ],
            [
              10.00538263116928,
              53.54534062876754
            ],
            [
              10.005383857277792,
              53.54529382664349
            ],
            [
              10.00538199843228,
              53.54525042110306
            ],
            [
              10.005377157322943,
              53.54521513929526
            ],
            [
              10.005368829549484,
              53.545184245663926
            ],
            [
              10.005359632579124,
              53.54516514683735
            ],
            [
              10.005341776879108,
              53.54514095401822
            ],
            [
              10.005317400498033,
              53.545115065193464
            ],
            [
              10.0052832378529,
              53.54508402985922
            ],
            [
              10.005249300111318,
              53.54505615690587
            ],
            [
              10.005207647737835,
              53.54502413984481
            ],
            [
              10.005069763916584,
              53.54492425553791
            ],
            [
              10.005027020190578,
              53.544891755831195
            ],
            [
              10.005020510093592,
              53.54489044248015
            ],
            [
              10.005008083132475,
              53.54489055071746
            ],
            [
              10.004874879222239,
              53.54488246827607
            ],
            [
              10.004650024548699,
              53.54487519804726
            ],
            [
              10.004551155935154,
              53.54487040888972
            ],
            [
              10.004504626972407,
              53.54486703401834
            ],
            [
              10.004461459270475,
              53.544862804980724
            ],
            [
              10.004422721102852,
              53.54485757130016
            ],
            [
              10.004394593674771,
              53.5448523339033
            ],
            [
              10.004351897580115,
              53.54484146380737
            ],
            [
              10.004298297947267,
              53.54482515323649
            ],
            [
              10.00424012037687,
              53.54480532241857
            ],
            [
              10.004171896289828,
              53.54478017324844
            ],
            [
              10.004101849370128,
              53.544752850434286
            ],
            [
              10.004018224351457,
              53.54471880367497
            ],
            [
              10.00379926891211,
              53.54462556093298
            ],
            [
              10.003781046342153,
              53.544616201218915
            ]
          ]
        ],
        "type": "Polygon"
      },
      "id": "49",
      "properties": {
        "cell_id": 0,
        "idiso": 3
      },
      "type": "Feature"
    },
    {
      "geometry": {
        "coordinates": [
          [
            [
              10.003362051901405,
              53.5447141763869
            ],
            [
              10.003404256188102,
              53.544750170740855
            ],
            [
              10.003491022467108,
              53.544820290771646
            ],
            [
              10.003510624276993,
              53.544822753286745
            ],
            [
              10.003451911648574,
              53.54497520450064
            ],
            [
              10.003443983101722,
              53.54497420502103
            ],
            [
              10.004352098713165,
              53.545164506956695
            ],
            [
              10.004402514395641,
              53.54517496812853
            ],
            [
              10.004425119431295,
              53.54517800460821
            ],
            [
              10.004351691648603,
              53.54520371268331
            ],
            [
              10.004330493557399,
              53.54521800780085
            ],
            [
              10.00422897670938,
              53.54528784162101
            ],
            [
              10.004158361049305,
              53.545339906632606
            ],
            [
              10.004136139227144,
              53.54535812873447
            ],
            [
              10.004120797532995,
              53.54537272972784
            ],
            [
              10.004114138715906,
              53.54538263304946
            ],
            [
              10.004114310210023,
              53.54538503787964
            ],
            [
              10.004116274779479,
              53.54538644993187
            ],
            [
              10.004125479800445,
              53.545387343554054
            ],
            [
              10.00414562909651,
              53.54538608590642
            ],
            [
              10.00420147926362,
              53.545378112008066
            ],
            [
              10.004283775635027,
              53.54536252945666
            ],
            [
              10.004366307668532,
              53.54534443702106
            ],
            [
              10.004447621439159,
              53.54532436851003
            ],
            [
              10.004511676211672,
              53.545306334866076
            ],
            [
              10.00456147354285,
              53.545289442587816
            ],
            [
              10.004579070548498,
              53.54528182192226
            ],
            [
              10.004588432303676,
              53.54527659798492
            ],
            [
              10.004591719525143,
              53.545272726090374
            ],
            [
              10.004590819023084,
              53.545264911500325
            ],
            [
              10.004583963066247,
              53.54525511872505
            ],
            [
              10.004572324069665,
              53.54524383141567
            ],
            [
              10.004557074447815,
              53.54523153322305
            ],
            [
              10.004533151483226,
              53.54521439908805
            ],
            [
              10.004455408575723,
              53.54516360002154
            ],
            [
              10.004451754210283,
              53.54516240417123
            ],
            [
              10.004427721709845,
              53.5451623452491
            ],
            [
              10.004423326001383,
              53.54516155821257
            ],
            [
              10.004087888339933,
              53.54503712899357
            ],
            [
              10.003868979347379,
              53.54495469050746
            ],
            [
              10.003682779116527,
              53.544882651873515
            ],
            [
              10.003548394432318,
              53.54482826039274
            ],
            [
              10.003510831874717,
              53.544811917345484
            ],
            [
              10.003477773729228,
              53.54479261934982
            ],
            [
              10.003434380079767,
              53.5447631696814
            ],
            [
              10.003348293290518,
              53.54470082535656
            ],
            [
              10.003362051901405,
              53.5447141763869
            ]
          ]
        ],
        "type": "Polygon"
      },
      "id": "22",
      "properties": {
        "cell_id": 0,
        "idiso": 1
      },
      "type": "Feature"
    },
    {
      "geometry": {
        "coordinates": [
          [
            [
              10.003297499054822,
              53.544972542291035
            ],
            [
              10.003331674906518,
              53.544983045361654
            ],
            [
              10.003558555808954,
              53.54503292749788
            ],
            [
              10.003814278456453,
              53.54508616814949
            ],
            [
              10.003975913696392,
              53.545117663005456
            ],
            [
              10.004300022163074,
              53.545161200536015
            ],
            [
              10.003926625772976,
              53.54508420264843
            ],
            [
              10.003419887772377,
              53.54497729284912
            ],
            [
              10.00338911878716,
              53.54496641911394
            ],
            [
              10.003216149939558,
              53.5449422187495
            ],
            [
              10.003297499054822,
              53.544972542291035
            ]
          ]
        ],
        "type": "Polygon"
      },
      "id": "53",
      "properties": {
        "cell_id": 0,
        "idiso": 3
      },
      "type": "Feature"
    },
    {
      "geometry": {
        "coordinates": [
          [
            [
              10.00344381637986,
              53.544974071888845
            ],
            [
              10.003389067460372,
              53.54496647202788
            ],
            [
              10.003419887772377,
              53.54497729284912
            ],
            [
              10.003815907859883,
              53.54506101570661
            ],
            [
              10.00416547650201,
              53.54513377676937
            ],
            [
              10.004300022163074,
              53.545161200536015
            ],
            [
              10.004402514395641,
              53.54517496812853
            ],
            [
              10.003447783124729,
              53.54497547373142
            ],
            [
              10.00344381637986,
              53.544974071888845
            ]
          ]
        ],
        "type": "Polygon"
      },
      "id": "38",
      "properties": {
        "cell_id": 0,
        "idiso": 2
      },
      "type": "Feature"
    },
    {
      "geometry": {
        "coordinates": [
          [
            [
              10.003232926267406,
              53.544032089320844
            ],
            [
              10.003099604105406,
              53.54420811283814
            ],
            [
              10.003102507128723,
              53.54420751499414
            ],
            [
              10.003106861328241,
              53.54420910873254
            ],
            [
              10.003126614431679,
              53.54422154521962
            ],
            [
              10.003325226575996,
              53.544317811620985
            ],
            [
              10.003374809679308,
              53.54434337130571
            ],
            [
              10.003409429636656,
              53.54436296278813
            ],
            [
              10.003454637032439,
              53.54439142721806
            ],
            [
              10.00351124213052,
              53.54442915071936
            ],
            [
              10.003690622246548,
              53.544552591181734
            ],
            [
              10.00375614265501,
              53.54460023238327
            ],
            [
              10.003776199701226,
              53.54461331401244
            ],
            [
              10.003790423326672,
              53.54462136265223
            ],
            [
              10.00390092371756,
              53.5446692735846
            ],
            [
              10.004004558293667,
              53.54471312369915
            ],
            [
              10.004087798585548,
              53.544747225648294
            ],
            [
              10.004164940374157,
              53.54477751991586
            ],
            [
              10.00423343742956,
              53.544802937900705
            ],
            [
              10.004298297947265,
              53.54482515323648
            ],
            [
              10.004351897580115,
              53.544841463807344
            ],
            [
              10.004394593674771,
              53.54485233390332
            ],
            [
              10.004422721102852,
              53.54485757130017
            ],
            [
              10.004461459270475,
              53.544862804980745
            ],
            [
              10.004504626972407,
              53.54486703401837
            ],
            [
              10.00455916254157,
              53.5448708988903
            ],
            [
              10.004658409718763,
              53.54487550782501
            ],
            [
              10.004868380331803,
              53.54488218887513
            ],
            [
              10.005008083132475,
              53.54489055071746
            ],
            [
              10.005024431696368,
              53.54489079193823
            ],
            [
              10.005027020190578,
              53.544891755831195
            ],
            [
              10.005069763916586,
              53.54492425553789
            ],
            [
              10.005202317879709,
              53.545020159832276
            ],
            [
              10.005244225121885,
              53.54505215090347
            ],
            [
              10.005278586395958,
              53.54508007612372
            ],
            [
              10.005313462247594,
              53.545111256914836
            ],
            [
              10.005338663208228,
              53.54513734802203
            ],
            [
              10.005357530643893,
              53.54516181313072
            ],
            [
              10.005367668688944,
              53.54518111759525
            ],
            [
              10.005376412754114,
              53.54521147578761
            ],
            [
              10.005381618162929,
              53.54524630831131
            ],
            [
              10.005383820807173,
              53.54528931569308
            ],
            [
              10.005382874309502,
              53.54533582602264
            ],
            [
              10.0053794205495,
              53.545384775658455
            ],
            [
              10.005373491611458,
              53.54544016820032
            ],
            [
              10.005341991087086,
              53.54567013497916
            ],
            [
              10.005338959364918,
              53.5457063777985
            ],
            [
              10.005343017329361,
              53.545732981987285
            ],
            [
              10.005341994390113,
              53.54574049205057
            ],
            [
              10.00534006976848,
              53.545742788782746
            ],
            [
              10.005336916311299,
              53.54574375667086
            ],
            [
              10.00531603477282,
              53.54574404746185
            ],
            [
              10.0052604760484,
              53.545741128703646
            ],
            [
              10.005203144553477,
              53.54573608422829
            ],
            [
              10.005084510467002,
              53.54572408659714
            ],
            [
              10.005040382281347,
              53.545720487261875
            ],
            [
              10.004771944110924,
              53.54568558257161
            ],
            [
              10.004754883649596,
              53.5456842229346
            ],
            [
              10.004750849726854,
              53.54568360058791
            ],
            [
              10.004750767219251,
              53.54568282036724
            ],
            [
              10.003787990108464,
              53.54598505278357
            ],
            [
              10.004891444345114,
              53.546128848345525
            ],
            [
              10.005065817918286,
              53.546142912705236
            ],
            [
              10.005390617606304,
              53.54617527648151
            ],
            [
              10.005454883198631,
              53.54618065314604
            ],
            [
              10.00551588631995,
              53.54618483479814
            ],
            [
              10.005585011807181,
              53.54618778699783
            ],
            [
              10.005637946385106,
              53.54618769648159
            ],
            [
              10.00588865022293,
              53.5461105669829
            ],
            [
              10.005850117639977,
              53.5444854403856
            ],
            [
              10.004325663677028,
              53.54426593915437
            ],
            [
              10.004263808902431,
              53.54424912050398
            ],
            [
              10.003141356297096,
              53.54400216402615
            ],
            [
              10.003015710908757,
              53.543973722590295
            ],
            [
              10.003232926267406,
              53.544032089320844
            ]
          ]
        ],
        "type": "Polygon"
      },
      "id": "79",
      "properties": {
        "cell_id": 0,
        "idiso": 4
      },
      "type": "Feature"
    },
    {
      "geometry": {
        "coordinates": [
          [
            [
              10.002762703989179,
              53.54349517573631
            ],
            [
              10.002759516775527,
              53.54349596406196
            ],
            [
              10.002754864857732,
              53.54350152423746
            ],
            [
              10.0027519315602,
              53.54351049722678
            ],
            [
              10.002747626288363,
              53.54353328353802
            ],
            [
              10.00279839896345,
              53.54359544301609
            ],
            [
              10.00300902866684,
              53.543766002457396
            ],
            [
              10.003102011362554,
              53.543838697202304
            ],
            [
              10.00310989777163,
              53.54384274094025
            ],
            [
              10.003120952512939,
              53.54384661637896
            ],
            [
              10.003182079250248,
              53.54386402912511
            ],
            [
              10.003193822446068,
              53.54386620869821
            ],
            [
              10.003198163862422,
              53.54386615336029
            ],
            [
              10.003205999578244,
              53.54386305854155
            ],
            [
              10.003218634634106,
              53.5438535595419
            ],
            [
              10.003225731307454,
              53.54384404240924
            ],
            [
              10.003223483016734,
              53.54376580887454
            ],
            [
              10.003246072286114,
              53.54376494822723
            ],
            [
              10.00324797779025,
              53.54384994143772
            ],
            [
              10.00325017236695,
              53.54385033565923
            ],
            [
              10.00327267379225,
              53.543840601885364
            ],
            [
              10.003277081870323,
              53.54384027671165
            ],
            [
              10.00329704729484,
              53.54384826739307
            ],
            [
              10.003356905422509,
              53.54387852626571
            ],
            [
              10.003371231168776,
              53.543883670019234
            ],
            [
              10.003375093195453,
              53.5438844069172
            ],
            [
              10.00337836199962,
              53.54388399480047
            ],
            [
              10.003385082209338,
              53.54387922478544
            ],
            [
              10.003391593449294,
              53.54387128559687
            ],
            [
              10.00340181732488,
              53.543855940668195
            ],
            [
              10.003926981208556,
              53.54312831569289
            ],
            [
              10.003917886864949,
              53.54310304160363
            ],
            [
              10.00391330706295,
              53.54309511305358
            ],
            [
              10.003907693833861,
              53.54308936796564
            ],
            [
              10.003899999300007,
              53.543085013468136
            ],
            [
              10.003883943125873,
              53.543078107160376
            ],
            [
              10.003824294260546,
              53.543056983794656
            ],
            [
              10.003743843763408,
              53.543038842861726
            ],
            [
              10.003511377654329,
              53.542979995773365
            ],
            [
              10.00339729343158,
              53.54295307971522
            ],
            [
              10.003320406697263,
              53.54293737031195
            ],
            [
              10.003284539935303,
              53.542931168908176
            ],
            [
              10.00325091434822,
              53.54292632461787
            ],
            [
              10.003219922514022,
              53.542923028627676
            ],
            [
              10.003197289161065,
              53.542921635089094
            ],
            [
              10.003172027378366,
              53.54292160782999
            ],
            [
              10.003154486847857,
              53.54292307705469
            ],
            [
              10.002979227555771,
              53.543169097278714
            ],
            [
              10.00298826433446,
              53.54317090430497
            ],
            [
              10.003042073711429,
              53.54319043614975
            ],
            [
              10.00318584064202,
              53.543239797273785
            ],
            [
              10.003285069626301,
              53.543275878437015
            ],
            [
              10.003330162748252,
              53.54329400123521
            ],
            [
              10.003364526288594,
              53.54330928195998
            ],
            [
              10.003393705151181,
              53.543324136307575
            ],
            [
              10.003413221862083,
              53.54333605748936
            ],
            [
              10.003426145508385,
              53.5433467791666
            ],
            [
              10.003438008363581,
              53.54336019450342
            ],
            [
              10.003448887398363,
              53.54337580573819
            ],
            [
              10.00346121995326,
              53.5433976494544
            ],
            [
              10.003482235523075,
              53.543445408137394
            ],
            [
              10.003513877709052,
              53.54352998915827
            ],
            [
              10.003513719973814,
              53.54353238911683
            ],
            [
              10.00349152935394,
              53.54355688041159
            ],
            [
              10.003408154107483,
              53.54366725692954
            ],
            [
              10.003330432196963,
              53.543646354840526
            ],
            [
              10.00333107542084,
              53.54364717886407
            ],
            [
              10.003329233389538,
              53.543647773780634
            ],
            [
              10.003319407132407,
              53.54364839476552
            ],
            [
              10.003232814092271,
              53.54364782343886
            ],
            [
              10.003123258088408,
              53.54365531311258
            ],
            [
              10.003082443454575,
              53.543657375725374
            ],
            [
              10.003072272772835,
              53.543657147193215
            ],
            [
              10.003060953256606,
              53.543654780507595
            ],
            [
              10.003024367099394,
              53.54364292990259
            ],
            [
              10.002951448052992,
              53.543617247840764
            ],
            [
              10.002905976798353,
              53.543600200161414
            ],
            [
              10.002900004836835,
              53.543596304926005
            ],
            [
              10.002889873547142,
              53.54358630753894
            ],
            [
              10.00290208553309,
              53.543549893740604
            ],
            [
              10.0029073104291,
              53.54353884530923
            ],
            [
              10.002910961542577,
              53.54353374504934
            ],
            [
              10.002762703989179,
              53.54349517573631
            ]
          ]
        ],
        "type": "Polygon"
      },
      "id": "75",
      "properties": {
        "cell_id": 0,
        "idiso": 4
      },
      "type": "Feature"
    },
    {
      "geometry": {
        "coordinates": [
          [
            [
              10.00327267379225,
              53.543840601885364
            ],
            [
              10.00325017236695,
              53.54385033565923
            ],
            [
              10.00324797779025,
              53.54384994143772
            ],
            [
              10.003248603900333,
              53.543877868389984
            ],
            [
              10.003201528571951,
              53.543940174003026
            ],
            [
              10.003359999396332,
              53.54398354497833
            ],
            [
              10.004027905066984,
              53.54302939445911
            ],
            [
              10.003217934745587,
              53.54283401130917
            ],
            [
              10.003154486847857,
              53.54292307705469
            ],
            [
              10.003167410415871,
              53.54292184629504
            ],
            [
              10.003186761616426,
              53.54292138638662
            ],
            [
              10.003208351168581,
              53.542922186581485
            ],
            [
              10.003231978072359,
              53.54292414899182
            ],
            [
              10.003284539935292,
              53.5429311689082
            ],
            [
              10.003350449940056,
              53.542943180079504
            ],
            [
              10.003405267881837,
              53.54295484827435
            ],
            [
              10.003470217956941,
              53.542969941530096
            ],
            [
              10.00373701127017,
              53.54303717346437
            ],
            [
              10.003788817070555,
              53.54304943627876
            ],
            [
              10.003824294260545,
              53.54305698379466
            ],
            [
              10.003883943125873,
              53.543078107160376
            ],
            [
              10.003899999300005,
              53.543085013468136
            ],
            [
              10.003907693833861,
              53.54308936796564
            ],
            [
              10.00391330706295,
              53.54309511305358
            ],
            [
              10.003917886864949,
              53.5431030416036
            ],
            [
              10.003927379076275,
              53.54312729458416
            ],
            [
              10.003385082209341,
              53.54387922478547
            ],
            [
              10.00337836199962,
              53.543883994800474
            ],
            [
              10.003375093195453,
              53.5438844069172
            ],
            [
              10.003366873906662,
              53.54388240326308
            ],
            [
              10.003345651235646,
              53.54387326810383
            ],
            [
              10.00329704729484,
              53.54384826739307
            ],
            [
              10.003277081870323,
              53.54384027671165
            ],
            [
              10.00327267379225,
              53.543840601885364
            ]
          ]
        ],
        "type": "Polygon"
      },
      "id": "118",
      "properties": {
        "cell_id": 0,
        "idiso": 5
      },
      "type": "Feature"
    },
    {
      "geometry": {
        "coordinates": [
          [
            [
              10.00308343893231,
              53.543585093818045
            ],
            [
              10.003098506858802,
              53.54358398173352
            ],
            [
              10.003071319142474,
              53.543576669932214
            ],
            [
              10.003065400906456,
              53.5435844797354
            ],
            [
              10.00308343893231,
              53.543585093818045
            ]
          ]
        ],
        "type": "Polygon"
      },
      "id": "36",
      "properties": {
        "cell_id": 0,
        "idiso": 2
      },
      "type": "Feature"
    },
    {
      "geometry": {
        "coordinates": [
          [
            [
              10.002907310429098,
              53.54353884530921
            ],
            [
              10.00290208553309,
              53.543549893740604
            ],
            [
              10.002889873547142,
              53.54358630753894
            ],
            [
              10.002900004836834,
              53.543596304926005
            ],
            [
              10.002905976798353,
              53.543600200161414
            ],
            [
              10.002951448052995,
              53.543617247840764
            ],
            [
              10.003024367099398,
              53.54364292990259
            ],
            [
              10.003060953256606,
              53.543654780507595
            ],
            [
              10.003072272772835,
              53.54365714719322
            ],
            [
              10.003082443454575,
              53.543657375725374
            ],
            [
              10.003123258088408,
              53.54365531311258
            ],
            [
              10.003232814092271,
              53.54364782343886
            ],
            [
              10.003312079692227,
              53.54364848006985
            ],
            [
              10.00332523449579,
              53.54364816920844
            ],
            [
              10.003331075420839,
              53.543647178864056
            ],
            [
              10.003330432196963,
              53.543646354840526
            ],
            [
              10.003098506858802,
              53.54358398173352
            ],
            [
              10.003083438932308,
              53.543585093818045
            ],
            [
              10.003065400906456,
              53.5435844797354
            ],
            [
              10.003034090136127,
              53.543625797898905
            ],
            [
              10.002896646669322,
              53.54358884898454
            ],
            [
              10.002933885217017,
              53.54353970863758
            ],
            [
              10.002910961542577,
              53.54353374504934
            ],
            [
              10.002907310429098,
              53.54353884530921
            ]
          ]
        ],
        "type": "Polygon"
      },
      "id": "50",
      "properties": {
        "cell_id": 0,
        "idiso": 3
      },
      "type": "Feature"
    },
    {
      "geometry": {
        "coordinates": [
          [
            [
              10.00212646982238,
              53.54373389052279
            ],
            [
              10.0021147199672,
              53.5437390179441
            ],
            [
              10.002103029609888,
              53.5437459226269
            ],
            [
              10.002087573216892,
              53.543757587703176
            ],
            [
              10.002072314273299,
              53.54377167844402
            ],
            [
              10.002057305166046,
              53.543787775471515
            ],
            [
              10.002028246012017,
              53.54382431087464
            ],
            [
              10.002000814864928,
              53.5438638388896
            ],
            [
              10.001944640303952,
              53.54395010256234
            ],
            [
              10.001898520101287,
              53.54401226336724
            ],
            [
              10.001856145205902,
              53.54407181225303
            ],
            [
              10.00174508946008,
              53.5442352502671
            ],
            [
              10.001706570833285,
              53.54429611150941
            ],
            [
              10.001599581734355,
              53.54447253030159
            ],
            [
              10.001552146740007,
              53.544545810411016
            ],
            [
              10.00152795678671,
              53.54457884714026
            ],
            [
              10.001490147906201,
              53.5446265643878
            ],
            [
              10.001341229238518,
              53.544806011580036
            ],
            [
              10.001305302606509,
              53.54486619752807
            ],
            [
              10.00129679771188,
              53.5448834396754
            ],
            [
              10.001377912201423,
              53.544785722578176
            ],
            [
              10.001394482268841,
              53.544790476477054
            ],
            [
              10.001406716151175,
              53.544775832631956
            ],
            [
              10.001390202741545,
              53.54477091317123
            ],
            [
              10.001630004930526,
              53.544482022008026
            ],
            [
              10.002004915926946,
              53.54459252342873
            ],
            [
              10.002001301057984,
              53.544584797238095
            ],
            [
              10.002000932985203,
              53.544571858860095
            ],
            [
              10.002004883833894,
              53.54455643830962
            ],
            [
              10.002012314917597,
              53.54453911518886
            ],
            [
              10.002034263048113,
              53.544501079644625
            ],
            [
              10.002085354346056,
              53.54442385251354
            ],
            [
              10.002106745355933,
              53.54438086160692
            ],
            [
              10.002137913891994,
              53.54436032697847
            ],
            [
              10.002224544538137,
              53.544298504005155
            ],
            [
              10.002247707063763,
              53.54428326326975
            ],
            [
              10.00227072591041,
              53.54426942216107
            ],
            [
              10.002293228269144,
              53.544257637491384
            ],
            [
              10.002314841332712,
              53.54424856607319
            ],
            [
              10.002335192295257,
              53.54424286471929
            ],
            [
              10.00234940299789,
              53.54424119542265
            ],
            [
              10.001864288882304,
              53.54411083449126
            ],
            [
              10.002145299458702,
              53.54373983358054
            ],
            [
              10.003015710908757,
              53.543973722590295
            ],
            [
              10.003141356297096,
              53.54400216402615
            ],
            [
              10.004263808902431,
              53.54424912050398
            ],
            [
              10.0033547249884,
              53.54400193038214
            ],
            [
              10.003333290759953,
              53.54399664713818
            ],
            [
              10.00325277765586,
              53.54397774186162
            ],
            [
              10.003152257767418,
              53.54395524997792
            ],
            [
              10.002738748743278,
              53.54386634715034
            ],
            [
              10.002620947838972,
              53.543839961917634
            ],
            [
              10.002559881538193,
              53.5438238431793
            ],
            [
              10.002367512746492,
              53.543768134037975
            ],
            [
              10.002319926053135,
              53.54375551152886
            ],
            [
              10.002274243214243,
              53.54374458412682
            ],
            [
              10.00223165749045,
              53.54373603567993
            ],
            [
              10.002193362139547,
              53.54373055003763
            ],
            [
              10.002176196246545,
              53.54372916947152
            ],
            [
              10.002160550417852,
              53.543728811050606
            ],
            [
              10.002138257075496,
              53.543730717288085
            ],
            [
              10.00212646982238,
              53.54373389052279
            ]
          ]
        ],
        "type": "Polygon"
      },
      "id": "108",
      "properties": {
        "cell_id": 0,
        "idiso": 5
      },
      "type": "Feature"
    },
    {
      "geometry": {
        "coordinates": [
          [
            [
              10.002785458945386,
              53.5443583709627
            ],
            [
              10.002753998572327,
              53.544371589044225
            ],
            [
              10.002724259095817,
              53.54438580092562
            ],
            [
              10.00269242371327,
              53.54440226179919
            ],
            [
              10.002612460693294,
              53.54444722723755
            ],
            [
              10.002535018878863,
              53.54449371679119
            ],
            [
              10.002379211661845,
              53.54459034945991
            ],
            [
              10.002325665181152,
              53.544622649978535
            ],
            [
              10.002320944131244,
              53.54463202355076
            ],
            [
              10.002303932233861,
              53.544657588471
            ],
            [
              10.002299257381491,
              53.544666247167655
            ],
            [
              10.002297041419682,
              53.54467366095807
            ],
            [
              10.002298460950053,
              53.54467904178159
            ],
            [
              10.002391288284647,
              53.54470640113567
            ],
            [
              10.00239137045674,
              53.54470371880419
            ],
            [
              10.0023947308797,
              53.5446992649391
            ],
            [
              10.002571818623224,
              53.54459551717938
            ],
            [
              10.002784623745884,
              53.54447242431332
            ],
            [
              10.00292335244141,
              53.5443954247883
            ],
            [
              10.002785458945386,
              53.5443583709627
            ]
          ]
        ],
        "type": "Polygon"
      },
      "id": "51",
      "properties": {
        "cell_id": 0,
        "idiso": 3
      },
      "type": "Feature"
    },
    {
      "geometry": {
        "coordinates": [
          [
            [
              10.0029951259431,
              53.54449670461414
            ],
            [
              10.002976223170036,
              53.54447992700795
            ],
            [
              10.002967364924585,
              53.54447398701433
            ],
            [
              10.002959255481302,
              53.54447048793995
            ],
            [
              10.002952159870803,
              53.54447003606967
            ],
            [
              10.002949075074893,
              53.54447114230004
            ],
            [
              10.002932542717424,
              53.54448124743019
            ],
            [
              10.00291452116309,
              53.54449418046152
            ],
            [
              10.002870621124597,
              53.544530772564364
            ],
            [
              10.00282262278005,
              53.544575348121256
            ],
            [
              10.002679578718718,
              53.54471393192958
            ],
            [
              10.002643568926597,
              53.544745876360956
            ],
            [
              10.002611580752072,
              53.544770756279
            ],
            [
              10.002879217025566,
              53.54484944891337
            ],
            [
              10.002883313653353,
              53.54484922809947
            ],
            [
              10.002887422129762,
              53.54484793430342
            ],
            [
              10.002895617005631,
              53.54484270919258
            ],
            [
              10.002907638043146,
              53.54483045808391
            ],
            [
              10.002929277387977,
              53.54480445781312
            ],
            [
              10.002935356029562,
              53.54479961099288
            ],
            [
              10.002937828081912,
              53.544799802879616
            ],
            [
              10.002976936725169,
              53.54483520749178
            ],
            [
              10.002985733171863,
              53.544841383557
            ],
            [
              10.002994464535846,
              53.544845212099816
            ],
            [
              10.003031422197788,
              53.54485370627113
            ],
            [
              10.00307130524751,
              53.544861091080556
            ],
            [
              10.00310372853097,
              53.544865707685005
            ],
            [
              10.003132428344228,
              53.54486802732123
            ],
            [
              10.003149186966168,
              53.54486762152952
            ],
            [
              10.003157184791446,
              53.54486608070311
            ],
            [
              10.003189330225174,
              53.544782389660824
            ],
            [
              10.003352262131752,
              53.54480285863715
            ],
            [
              10.003339546963486,
              53.54479622698441
            ],
            [
              10.0033264210408,
              53.54478652525742
            ],
            [
              10.003275179925959,
              53.544738340052426
            ],
            [
              10.003036934666559,
              53.54453892479496
            ],
            [
              10.0029951259431,
              53.54449670461414
            ]
          ]
        ],
        "type": "Polygon"
      },
      "id": "52",
      "properties": {
        "cell_id": 0,
        "idiso": 3
      },
      "type": "Feature"
    },
    {
      "geometry": {
        "coordinates": [
          [
            [
              10.002925989340614,
              53.544807960853795
            ],
            [
              10.002907638043148,
              53.54483045808391
            ],
            [
              10.002895617005635,
              53.54484270919258
            ],
            [
              10.002887422129765,
              53.54484793430342
            ],
            [
              10.002883313653356,
              53.54484922809947
            ],
            [
              10.002879217025566,
              53.54484944891337
            ],
            [
              10.00293261864512,
              53.54486515039289
            ],
            [
              10.002872227132778,
              53.54493355366043
            ],
            [
              10.002876584275711,
              53.54492900918197
            ],
            [
              10.002947668266158,
              53.544952866750364
            ],
            [
              10.00295237902527,
              53.544952320445034
            ],
            [
              10.002957822817875,
              53.54495045128032
            ],
            [
              10.002982097573584,
              53.54493855502025
            ],
            [
              10.002987583473884,
              53.5449366783035
            ],
            [
              10.002992353185748,
              53.54493612142566
            ],
            [
              10.003003039720419,
              53.5449374829279
            ],
            [
              10.00301627752545,
              53.54494027241762
            ],
            [
              10.003037992645663,
              53.54494627893324
            ],
            [
              10.003051758186777,
              53.54495092800161
            ],
            [
              10.00306799657662,
              53.54495789132836
            ],
            [
              10.0030740448695,
              53.544962500778425
            ],
            [
              10.003076882185729,
              53.54496985163001
            ],
            [
              10.003079181469941,
              53.5449952734702
            ],
            [
              10.00308491800626,
              53.54500853337553
            ],
            [
              10.00309076119397,
              53.544998755419535
            ],
            [
              10.003975913696392,
              53.545117663005456
            ],
            [
              10.00386441770285,
              53.545096208288264
            ],
            [
              10.003715192030581,
              53.54506589046384
            ],
            [
              10.003550886940987,
              53.54503128738957
            ],
            [
              10.003401481578086,
              53.544998768049304
            ],
            [
              10.003331674906518,
              53.544983045361654
            ],
            [
              10.003315780456628,
              53.54497865848209
            ],
            [
              10.003291096752584,
              53.54497024873112
            ],
            [
              10.003216149939558,
              53.5449422187495
            ],
            [
              10.003132438980135,
              53.54493050650744
            ],
            [
              10.003157184791446,
              53.54486608070311
            ],
            [
              10.003149186966168,
              53.54486762152952
            ],
            [
              10.003132428344228,
              53.54486802732123
            ],
            [
              10.003095820960105,
              53.54486472743738
            ],
            [
              10.003046866966733,
              53.544856759377105
            ],
            [
              10.002994464535846,
              53.544845212099816
            ],
            [
              10.002985733171865,
              53.54484138355702
            ],
            [
              10.00297693672517,
              53.544835207491786
            ],
            [
              10.002940913876637,
              53.544801969108285
            ],
            [
              10.002937828081912,
              53.544799802879616
            ],
            [
              10.002935356029562,
              53.54479961099288
            ],
            [
              10.002925989340614,
              53.544807960853795
            ]
          ]
        ],
        "type": "Polygon"
      },
      "id": "78",
      "properties": {
        "cell_id": 0,
        "idiso": 4
      },
      "type": "Feature"
    },
    {
      "geometry": {
        "coordinates": [
          [
            [
              10.003564044843543,
              53.54475873457973
            ],
            [
              10.003533797503778,
              53.54473977480784
            ],
            [
              10.003433332422373,
              53.54466711005902
            ],
            [
              10.003170086509794,
              53.544489275518
            ],
            [
              10.003044614612975,
              53.54440558457773
            ],
            [
              10.003002676069986,
              53.54437936312569
            ],
            [
              10.002985426508046,
              53.544371221277906
            ],
            [
              10.002977260396385,
              53.54436964023942
            ],
            [
              10.002951916935409,
              53.54440310042157
            ],
            [
              10.00292335244141,
              53.5443954247883
            ],
            [
              10.002844311374517,
              53.54443872165841
            ],
            [
              10.002732607956597,
              53.54450218817066
            ],
            [
              10.0023947308797,
              53.5446992649391
            ],
            [
              10.00239137045674,
              53.54470371880419
            ],
            [
              10.002391288284647,
              53.54470640113567
            ],
            [
              10.002404737197457,
              53.54471036497606
            ],
            [
              10.002269654986648,
              53.544872969867335
            ],
            [
              10.002287182196813,
              53.5448634628129
            ],
            [
              10.002317526396325,
              53.54485099666356
            ],
            [
              10.00235901431592,
              53.54483667888092
            ],
            [
              10.002407259213616,
              53.544821892254014
            ],
            [
              10.002429742307122,
              53.54481725848051
            ],
            [
              10.002488054245354,
              53.544809229025766
            ],
            [
              10.00249754765338,
              53.54480714502978
            ],
            [
              10.00250060831821,
              53.544807261385714
            ],
            [
              10.002546751340915,
              53.544751694463834
            ],
            [
              10.002611580752072,
              53.544770756279
            ],
            [
              10.002643568926594,
              53.544745876360956
            ],
            [
              10.002679578718713,
              53.54471393192958
            ],
            [
              10.00282709940353,
              53.544571069015426
            ],
            [
              10.002883090247863,
              53.544519836172704
            ],
            [
              10.002910755815611,
              53.544497074009165
            ],
            [
              10.002935974749029,
              53.54447898838779
            ],
            [
              10.002949075074893,
              53.54447114230004
            ],
            [
              10.0029521598708,
              53.54447003606963
            ],
            [
              10.002959255481299,
              53.54447048793995
            ],
            [
              10.002967364924583,
              53.5444739870143
            ],
            [
              10.002980850271424,
              53.544483622885494
            ],
            [
              10.002995125943098,
              53.544496704614104
            ],
            [
              10.003036934666559,
              53.54453892479496
            ],
            [
              10.003275179925959,
              53.544738340052426
            ],
            [
              10.003326421040802,
              53.54478652525739
            ],
            [
              10.003339546963488,
              53.544796226984396
            ],
            [
              10.003348095658144,
              53.5448010634263
            ],
            [
              10.003352262131752,
              53.54480285863715
            ],
            [
              10.003491022467108,
              53.544820290771646
            ],
            [
              10.003404256188096,
              53.544750170740855
            ],
            [
              10.003362051901405,
              53.5447141763869
            ],
            [
              10.003348293290518,
              53.54470082535656
            ],
            [
              10.003459406164767,
              53.544780530045905
            ],
            [
              10.003495118961471,
              53.54480327306685
            ],
            [
              10.003520099077821,
              53.544816280459955
            ],
            [
              10.003628861098495,
              53.54486119286668
            ],
            [
              10.003773106195714,
              53.54491791329233
            ],
            [
              10.003953581429535,
              53.54498675447049
            ],
            [
              10.004177114868444,
              53.54507034140025
            ],
            [
              10.004423326001383,
              53.54516155821257
            ],
            [
              10.004427721709844,
              53.5451623452491
            ],
            [
              10.004451754210283,
              53.54516240417123
            ],
            [
              10.004455408575723,
              53.54516360002154
            ],
            [
              10.00454548109983,
              53.545223011666195
            ],
            [
              10.004572324069665,
              53.54524383141567
            ],
            [
              10.00458683773109,
              53.54525857292684
            ],
            [
              10.00459183880467,
              53.54526776004606
            ],
            [
              10.004591719525143,
              53.545272726090374
            ],
            [
              10.004588432303676,
              53.54527659798492
            ],
            [
              10.004579070548504,
              53.54528182192226
            ],
            [
              10.004561473542852,
              53.545289442587816
            ],
            [
              10.004532357041114,
              53.54529979819434
            ],
            [
              10.004464629621086,
              53.545319822651585
            ],
            [
              10.004412202635296,
              53.545333415884265
            ],
            [
              10.004357034675932,
              53.5453465779967
            ],
            [
              10.00430176517084,
              53.54535877242611
            ],
            [
              10.004249033553794,
              53.54536946261441
            ],
            [
              10.00420147926362,
              53.545378112008066
            ],
            [
              10.004161741742543,
              53.54538418405719
            ],
            [
              10.004132460433963,
              53.545387142214246
            ],
            [
              10.004122565685025,
              53.54538728591226
            ],
            [
              10.004116274779479,
              53.54538644993187
            ],
            [
              10.00411431021002,
              53.545385037879676
            ],
            [
              10.004114138715904,
              53.5453826330495
            ],
            [
              10.004120797532993,
              53.54537272972788
            ],
            [
              10.00413613922714,
              53.54535812873452
            ],
            [
              10.004163472387217,
              53.545335922416776
            ],
            [
              10.004241839457713,
              53.54527878415906
            ],
            [
              10.004351691648603,
              53.54520371268331
            ],
            [
              10.00401876557958,
              53.54532027371755
            ],
            [
              10.004014565302962,
              53.5453223665092
            ],
            [
              10.003992358674996,
              53.545335843548614
            ],
            [
              10.003968862063022,
              53.54535311625112
            ],
            [
              10.003881578401899,
              53.5454267235577
            ],
            [
              10.003836945652566,
              53.54545724064407
            ],
            [
              10.003830889499936,
              53.54546285268454
            ],
            [
              10.003830120222991,
              53.5454647351903
            ],
            [
              10.003831249500076,
              53.54546582737459
            ],
            [
              10.00383810574313,
              53.54546694765357
            ],
            [
              10.003848543638858,
              53.54546746940884
            ],
            [
              10.003877297934627,
              53.54546706758769
            ],
            [
              10.003920622923344,
              53.54546475827831
            ],
            [
              10.003980608551442,
              53.54546011229178
            ],
            [
              10.004024026973296,
              53.545448709238435
            ],
            [
              10.005086704588251,
              53.54557740497908
            ],
            [
              10.005055214118153,
              53.545587286585985
            ],
            [
              10.005062468817842,
              53.54558894122791
            ],
            [
              10.005081969964616,
              53.545590776416574
            ],
            [
              10.005101436293733,
              53.545593751567104
            ],
            [
              10.005107174443193,
              53.54559401574325
            ],
            [
              10.005110159182241,
              53.54559299869679
            ],
            [
              10.005115676936926,
              53.545579027279
            ],
            [
              10.005118730452198,
              53.54555986319777
            ],
            [
              10.005117018478257,
              53.545546683254045
            ],
            [
              10.005113042194004,
              53.545540257296324
            ],
            [
              10.005028092044855,
              53.54546279769804
            ],
            [
              10.00491159818461,
              53.5453621230772
            ],
            [
              10.004757430920732,
              53.54523301485438
            ],
            [
              10.004592740692713,
              53.54509828886674
            ],
            [
              10.00458878705989,
              53.545096816616336
            ],
            [
              10.004582797236925,
              53.545096282837406
            ],
            [
              10.004491719612908,
              53.54509495925496
            ],
            [
              10.004459780478195,
              53.545093693009306
            ],
            [
              10.004431616162567,
              53.54509077346535
            ],
            [
              10.004415194526054,
              53.54508698949651
            ],
            [
              10.004335591989806,
              53.54505962832798
            ],
            [
              10.00423733605849,
              53.545024402852604
            ],
            [
              10.004010283295601,
              53.54493951072393
            ],
            [
              10.003770474982275,
              53.54484585483369
            ],
            [
              10.00366824568751,
              53.54480443160315
            ],
            [
              10.003587170717337,
              53.544770459566436
            ],
            [
              10.003564044843543,
              53.54475873457973
            ]
          ]
        ],
        "type": "Polygon"
      },
      "id": "34",
      "properties": {
        "cell_id": 0,
        "idiso": 2
      },
      "type": "Feature"
    },
    {
      "geometry": {
        "coordinates": [
          [
            [
              10.002987583473884,
              53.5449366783035
            ],
            [
              10.002982097573584,
              53.54493855502025
            ],
            [
              10.002957822817875,
              53.54495045128032
            ],
            [
              10.00295237902527,
              53.544952320445034
            ],
            [
              10.002947668266158,
              53.544952866750364
            ],
            [
              10.003029588871618,
              53.544980361272174
            ],
            [
              10.002986307392241,
              53.545037023636944
            ],
            [
              10.003061123287287,
              53.545048351269365
            ],
            [
              10.00308491800626,
              53.54500853337553
            ],
            [
              10.003079181469941,
              53.5449952734702
            ],
            [
              10.003076882185725,
              53.544969851630015
            ],
            [
              10.003074044869498,
              53.54496250077843
            ],
            [
              10.003071564770842,
              53.54496001422477
            ],
            [
              10.003063394643958,
              53.54495563674701
            ],
            [
              10.00303799264566,
              53.54494627893324
            ],
            [
              10.003009423291816,
              53.54493872360851
            ],
            [
              10.002992353185748,
              53.54493612142566
            ],
            [
              10.002987583473884,
              53.5449366783035
            ]
          ]
        ],
        "type": "Polygon"
      },
      "id": "119",
      "properties": {
        "cell_id": 0,
        "idiso": 5
      },
      "type": "Feature"
    },
    {
      "geometry": {
        "coordinates": [
          [
            [
              10.00288583154824,
              53.544986750302655
            ],
            [
              10.002899364299386,
              53.54496672206759
            ],
            [
              10.002904998601164,
              53.54495420319535
            ],
            [
              10.002865777306958,
              53.54494085912857
            ],
            [
              10.00278134444797,
              53.54503649269821
            ],
            [
              10.002822336113237,
              53.54504854541581
            ],
            [
              10.002808259371303,
              53.54506550353899
            ],
            [
              10.00283388638726,
              53.54504772342687
            ],
            [
              10.00284021192379,
              53.545042305896786
            ],
            [
              10.00288583154824,
              53.544986750302655
            ]
          ]
        ],
        "type": "Polygon"
      },
      "id": "100",
      "properties": {
        "cell_id": 0,
        "idiso": 4
      },
      "type": "Feature"
    },
    {
      "geometry": {
        "coordinates": [
          [
            [
              10.003968862063017,
              53.54535311625111
            ],
            [
              10.0039969345633,
              53.54533279098343
            ],
            [
              10.00401876557958,
              53.54532027371755
            ],
            [
              10.003525469441298,
              53.545492979180146
            ],
            [
              10.00347615208567,
              53.54548938163236
            ],
            [
              10.003474618412465,
              53.545491290108345
            ],
            [
              10.003474190336762,
              53.545499139970296
            ],
            [
              10.003477123483178,
              53.54550787901757
            ],
            [
              10.00347979133753,
              53.545510898975124
            ],
            [
              10.003483228484416,
              53.545512121616284
            ],
            [
              10.003531199847504,
              53.54551247757694
            ],
            [
              10.003590877396258,
              53.545511562048745
            ],
            [
              10.003656609885367,
              53.5455095515101
            ],
            [
              10.003722746070501,
              53.54550662245006
            ],
            [
              10.003776503762653,
              53.545503444801085
            ],
            [
              10.003822457914081,
              53.54549981729185
            ],
            [
              10.003833624564876,
              53.54549871478179
            ],
            [
              10.003980608551442,
              53.54546011229178
            ],
            [
              10.003920622923344,
              53.54546475827832
            ],
            [
              10.003877297934629,
              53.54546706758771
            ],
            [
              10.003848543638856,
              53.545467469408855
            ],
            [
              10.003838105743132,
              53.54546694765359
            ],
            [
              10.003831249500076,
              53.54546582737459
            ],
            [
              10.003830120222988,
              53.545464735190315
            ],
            [
              10.003830889499932,
              53.54546285268456
            ],
            [
              10.003836945652562,
              53.545457240644076
            ],
            [
              10.003878209277309,
              53.54542937639581
            ],
            [
              10.003968862063017,
              53.54535311625111
            ]
          ]
        ],
        "type": "Polygon"
      },
      "id": "55",
      "properties": {
        "cell_id": 0,
        "idiso": 3
      },
      "type": "Feature"
    },
    {
      "geometry": {
        "coordinates": [
          [
            [
              10.003229604810517,
              53.545623496877724
            ],
            [
              10.00323032483616,
              53.54562527861893
            ],
            [
              10.003231881557468,
              53.54562602444424
            ],
            [
              10.003276772050523,
              53.545626529544926
            ],
            [
              10.003315852351898,
              53.545625790180374
            ],
            [
              10.003345310473588,
              53.545624008322896
            ],
            [
              10.003368818614929,
              53.54562078539111
            ],
            [
              10.003833624564876,
              53.54549871478179
            ],
            [
              10.003761775138114,
              53.54550440377626
            ],
            [
              10.003664970726021,
              53.5455092319897
            ],
            [
              10.003559928551509,
              53.545512167719274
            ],
            [
              10.003483228484416,
              53.545512121616284
            ],
            [
              10.003479791337528,
              53.545510898975124
            ],
            [
              10.0034752485926,
              53.54550373494787
            ],
            [
              10.003473972386455,
              53.54549476728905
            ],
            [
              10.00347615208567,
              53.54548938163236
            ],
            [
              10.003182699459135,
              53.545467974741776
            ],
            [
              10.003177286392969,
              53.54547350037614
            ],
            [
              10.003175384620862,
              53.54548211737863
            ],
            [
              10.003176450927239,
              53.54549328880154
            ],
            [
              10.003179942097118,
              53.545506477696954
            ],
            [
              10.003189673900103,
              53.545531484084016
            ],
            [
              10.003221391155,
              53.545597908903524
            ],
            [
              10.003229116107619,
              53.54561713753338
            ],
            [
              10.003229604810517,
              53.545623496877724
            ]
          ]
        ],
        "type": "Polygon"
      },
      "id": "99",
      "properties": {
        "cell_id": 0,
        "idiso": 4
      },
      "type": "Feature"
    },
    {
      "geometry": {
        "coordinates": [
          [
            [
              10.002462143914673,
              53.54558051492894
            ],
            [
              10.00274547538567,
              53.54570522217901
            ],
            [
              10.002603790822548,
              53.5455603778343
            ],
            [
              10.002550527789744,
              53.54551927453051
            ],
            [
              10.002462143914673,
              53.54558051492894
            ]
          ]
        ],
        "type": "Polygon"
      },
      "id": "167",
      "properties": {
        "cell_id": 0,
        "idiso": 6
      },
      "type": "Feature"
    },
    {
      "geometry": {
        "coordinates": [
          [
            [
              10.003159263808456,
              53.54587076041097
            ],
            [
              10.003102293262582,
              53.545829828336075
            ],
            [
              10.003065888988074,
              53.54580098195087
            ],
            [
              10.003042462184688,
              53.54577499612568
            ],
            [
              10.002990296121254,
              53.54570692848902
            ],
            [
              10.002782795320453,
              53.545469007386
            ],
            [
              10.002767232657678,
              53.54545354277826
            ],
            [
              10.002735298499609,
              53.54543403767357
            ],
            [
              10.00272737751322,
              53.54542742695316
            ],
            [
              10.00272529767185,
              53.54542432498014
            ],
            [
              10.002724877509703,
              53.545421424918096
            ],
            [
              10.002727190284533,
              53.54541170563526
            ],
            [
              10.002733679952128,
              53.54539269419927
            ],
            [
              10.002744921276784,
              53.545366565265695
            ],
            [
              10.002773899810983,
              53.54531058503888
            ],
            [
              10.002807383930021,
              53.545255712902986
            ],
            [
              10.002679082648402,
              53.54541212323224
            ],
            [
              10.002565829784004,
              53.54550901686868
            ],
            [
              10.002792234415564,
              53.5457262416138
            ],
            [
              10.00307455581461,
              53.545952535965085
            ],
            [
              10.00430087790241,
              53.54675896261038
            ],
            [
              10.004481172351674,
              53.546652863722706
            ],
            [
              10.004428480885394,
              53.54663202245214
            ],
            [
              10.004366506079204,
              53.54660545395104
            ],
            [
              10.00429820745288,
              53.54657463351625
            ],
            [
              10.004219965156537,
              53.54653789547459
            ],
            [
              10.004141561270123,
              53.546499768365166
            ],
            [
              10.004060897624221,
              53.54645911794615
            ],
            [
              10.003994497440583,
              53.546424248729835
            ],
            [
              10.003939782349734,
              53.54639389617667
            ],
            [
              10.003854969247222,
              53.546342212528614
            ],
            [
              10.003741042591422,
              53.546267833857705
            ],
            [
              10.003620013297253,
              53.546185833556635
            ],
            [
              10.003353531733014,
              53.54600232567134
            ],
            [
              10.003159263808456,
              53.54587076041097
            ]
          ]
        ],
        "type": "Polygon"
      },
      "id": "170",
      "properties": {
        "cell_id": 0,
        "idiso": 6
      },
      "type": "Feature"
    },
    {
      "geometry": {
        "coordinates": [
          [
            [
              10.00283037515062,
              53.54605124353742
            ],
            [
              10.00283828317701,
              53.54605792034198
            ],
            [
              10.002831300405402,
              53.54605005250853
            ],
            [
              10.00283037515062,
              53.54605124353742
            ]
          ]
        ],
        "type": "Polygon"
      },
      "id": "43",
      "properties": {
        "cell_id": 0,
        "idiso": 2
      },
      "type": "Feature"
    },
    {
      "geometry": {
        "coordinates": [
          [
            [
              10.002364170242924,
              53.546160947208676
            ],
            [
              10.002355378575603,
              53.54618132516396
            ],
            [
              10.00235411344816,
              53.546187894613475
            ],
            [
              10.00235448794532,
              53.5461932634518
            ],
            [
              10.002443067958742,
              53.54620776885987
            ],
            [
              10.002663290918,
              53.54608920457388
            ],
            [
              10.002725865849106,
              53.54605782081706
            ],
            [
              10.002769221260323,
              53.54603844063233
            ],
            [
              10.002573215934566,
              53.54600177767033
            ],
            [
              10.002563627944884,
              53.5460036635957
            ],
            [
              10.002547991177115,
              53.546008711291606
            ],
            [
              10.002519556861097,
              53.54602174715789
            ],
            [
              10.002489737463494,
              53.54603845943075
            ],
            [
              10.0024332413742,
              53.54607320985085
            ],
            [
              10.002410213681085,
              53.54608639632966
            ],
            [
              10.002364170242924,
              53.546160947208676
            ]
          ]
        ],
        "type": "Polygon"
      },
      "id": "81",
      "properties": {
        "cell_id": 0,
        "idiso": 4
      },
      "type": "Feature"
    },
    {
      "geometry": {
        "coordinates": [
          [
            [
              10.002769221260323,
              53.54603844063233
            ],
            [
              10.002725865849103,
              53.546057820817076
            ],
            [
              10.002669272215837,
              53.54608610229572
            ],
            [
              10.002443042698667,
              53.54620776741982
            ],
            [
              10.002406733822946,
              53.54625580529214
            ],
            [
              10.002414868896691,
              53.54626502415292
            ],
            [
              10.002417513038955,
              53.546266427209744
            ],
            [
              10.002428636541373,
              53.54626714140615
            ],
            [
              10.002492497203303,
              53.54626584290567
            ],
            [
              10.00259599284941,
              53.54623279646106
            ],
            [
              10.002678804673266,
              53.54624635076636
            ],
            [
              10.002706153371783,
              53.54627799276489
            ],
            [
              10.002741229518847,
              53.54628515853762
            ],
            [
              10.002802575356034,
              53.54629352365463
            ],
            [
              10.002884966130496,
              53.54630165748862
            ],
            [
              10.002918213769096,
              53.54630284858809
            ],
            [
              10.002955564012307,
              53.54630283572167
            ],
            [
              10.002986783244834,
              53.54630171930096
            ],
            [
              10.00300524088774,
              53.54629982729787
            ],
            [
              10.003043843364326,
              53.54629422354265
            ],
            [
              10.003076017734227,
              53.54628829599409
            ],
            [
              10.003041693224159,
              53.54628711100618
            ],
            [
              10.00283828317701,
              53.54605792034198
            ],
            [
              10.00283037515062,
              53.54605124353742
            ],
            [
              10.002831203656342,
              53.5460500344117
            ],
            [
              10.002769221260323,
              53.54603844063233
            ]
          ]
        ],
        "type": "Polygon"
      },
      "id": "54",
      "properties": {
        "cell_id": 0,
        "idiso": 3
      },
      "type": "Feature"
    },
    {
      "geometry": {
        "coordinates": [
          [
            [
              10.002584860674002,
              53.54580297560199
            ],
            [
              10.002433434041823,
              53.54582250809115
            ],
            [
              10.002372642008728,
              53.54586325879948
            ],
            [
              10.00217302404892,
              53.54612083581895
            ],
            [
              10.002263398156423,
              53.54601619672943
            ],
            [
              10.002302042089337,
              53.545973209908574
            ],
            [
              10.002343509459262,
              53.54593101101946
            ],
            [
              10.002374546662685,
              53.545904212137316
            ],
            [
              10.00238342345735,
              53.5458992020772
            ],
            [
              10.002396569233223,
              53.5458939529944
            ],
            [
              10.002430416457448,
              53.54588375190478
            ],
            [
              10.002457243874597,
              53.54587735933007
            ],
            [
              10.002480384235144,
              53.545872996015895
            ],
            [
              10.002495406792418,
              53.54587151765595
            ],
            [
              10.002498723916675,
              53.545872557400386
            ],
            [
              10.002531428148764,
              53.54584760297012
            ],
            [
              10.002695342195356,
              53.54591180065764
            ],
            [
              10.002709238884432,
              53.54591493175892
            ],
            [
              10.002767724336307,
              53.5459325096554
            ],
            [
              10.002959895384068,
              53.5459934197686
            ],
            [
              10.003004723649868,
              53.54600914771641
            ],
            [
              10.003020678370426,
              53.54601608781213
            ],
            [
              10.00302876141877,
              53.546020514398094
            ],
            [
              10.003052690513643,
              53.54603649156822
            ],
            [
              10.00308420085542,
              53.54605922718038
            ],
            [
              10.003210822991534,
              53.54615602521696
            ],
            [
              10.003255938507781,
              53.546188781479074
            ],
            [
              10.003326934128646,
              53.54623521785778
            ],
            [
              10.00354311142644,
              53.546371926894494
            ],
            [
              10.003596308825253,
              53.54640684784591
            ],
            [
              10.003631884700894,
              53.546431477018935
            ],
            [
              10.003707309247186,
              53.54648941271703
            ],
            [
              10.003895064360735,
              53.54664134397707
            ],
            [
              10.003960014206058,
              53.54669038807276
            ],
            [
              10.003970064576782,
              53.54669376276353
            ],
            [
              10.004006699976065,
              53.54669842924432
            ],
            [
              10.004013248060865,
              53.54670042250881
            ],
            [
              10.004112930333381,
              53.546657337445524
            ],
            [
              10.00306304444113,
              53.545965475817546
            ],
            [
              10.002849947337864,
              53.54593296624169
            ],
            [
              10.002584860674002,
              53.54580297560199
            ]
          ]
        ],
        "type": "Polygon"
      },
      "id": "169",
      "properties": {
        "cell_id": 0,
        "idiso": 6
      },
      "type": "Feature"
    },
    {
      "geometry": {
        "coordinates": [
          [
            [
              10.002395251931294,
              53.546270996198906
            ],
            [
              10.002406439303625,
              53.546282868437125
            ],
            [
              10.002409439574494,
              53.546284976803996
            ],
            [
              10.002411943449276,
              53.54628547472266
            ],
            [
              10.002433151659984,
              53.546284792037454
            ],
            [
              10.002492497203303,
              53.54626584290567
            ],
            [
              10.00243554558576,
              53.54626716929128
            ],
            [
              10.002417513038955,
              53.546266427209744
            ],
            [
              10.002414868896691,
              53.54626502415292
            ],
            [
              10.002406733822946,
              53.54625580529214
            ],
            [
              10.002395251931294,
              53.546270996198906
            ]
          ]
        ],
        "type": "Polygon"
      },
      "id": "42",
      "properties": {
        "cell_id": 0,
        "idiso": 2
      },
      "type": "Feature"
    },
    {
      "geometry": {
        "coordinates": [
          [
            [
              10.005764650324846,
              53.54445401796906
            ],
            [
              10.005752550977807,
              53.54444281419225
            ],
            [
              10.005742627336746,
              53.5444308313034
            ],
            [
              10.005737380990057,
              53.54442088976114
            ],
            [
              10.005720215953206,
              53.5444539564113
            ],
            [
              10.005776423783868,
              53.54446162217593
            ],
            [
              10.005764650324846,
              53.54445401796906
            ]
          ]
        ],
        "type": "Polygon"
      },
      "id": "131",
      "properties": {
        "cell_id": 0,
        "idiso": 5
      },
      "type": "Feature"
    },
    {
      "geometry": {
        "coordinates": [
          [
            [
              10.005889016056852,
              53.54612599540815
            ],
            [
              10.005889013854599,
              53.54612590253195
            ],
            [
              10.005886121062852,
              53.54612684531233
            ],
            [
              10.005889016056852,
              53.54612599540815
            ]
          ]
        ],
        "type": "Polygon"
      },
      "id": "95",
      "properties": {
        "cell_id": 0,
        "idiso": 4
      },
      "type": "Feature"
    },
    {
      "geometry": {
        "coordinates": [
          [
            [
              10.005618295528379,
              53.54622345180451
            ],
            [
              10.005619893985607,
              53.54622509283908
            ],
            [
              10.005620184577204,
              53.54623922761386
            ],
            [
              10.005616380809707,
              53.546292572097
            ],
            [
              10.005617916884649,
              53.5463066914744
            ],
            [
              10.005621059852155,
              53.54631281410965
            ],
            [
              10.005634095163225,
              53.546327277520795
            ],
            [
              10.005809251649652,
              53.54649627893582
            ],
            [
              10.005862977922979,
              53.546551856682605
            ],
            [
              10.005873338307214,
              53.54656825546188
            ],
            [
              10.005894952773103,
              53.546615374985564
            ],
            [
              10.005900193950362,
              53.54662347897896
            ],
            [
              10.005896924275037,
              53.54645950759504
            ],
            [
              10.005896924275028,
              53.546459507594555
            ],
            [
              10.005676992804274,
              53.54619500132993
            ],
            [
              10.005606165081328,
              53.54621767555126
            ],
            [
              10.005618295528379,
              53.54622345180451
            ]
          ]
        ],
        "type": "Polygon"
      },
      "id": "96",
      "properties": {
        "cell_id": 0,
        "idiso": 4
      },
      "type": "Feature"
    },
    {
      "geometry": {
        "coordinates": [
          [
            [
              10.004739368408563,
              53.546485240754734
            ],
            [
              10.004695646831465,
              53.546555721174
            ],
            [
              10.004863586939301,
              53.54653835793725
            ],
            [
              10.005597283151165,
              53.54631788806569
            ],
            [
              10.005843509614158,
              53.5466048189081
            ],
            [
              10.005017854953035,
              53.546850239486055
            ],
            [
              10.004888890585342,
              53.54669739278498
            ],
            [
              10.005694148337305,
              53.5464580351791
            ],
            [
              10.005587517104924,
              53.54633592371726
            ],
            [
              10.00487279937921,
              53.54655069062676
            ],
            [
              10.0047027759248,
              53.54662900297034
            ],
            [
              10.004603144702639,
              53.54665754597821
            ],
            [
              10.004914128669588,
              53.54689726404398
            ],
            [
              10.004899781528085,
              53.546907692584725
            ],
            [
              10.004579542293433,
              53.54666268502113
            ],
            [
              10.004500677781465,
              53.54667251076205
            ],
            [
              10.004464040204839,
              53.54669165208319
            ],
            [
              10.004504930695717,
              53.54672324730582
            ],
            [
              10.004571365949444,
              53.54676920195585
            ],
            [
              10.004650031571243,
              53.546820030208444
            ],
            [
              10.004719497214001,
              53.54686206622642
            ],
            [
              10.004736040804655,
              53.546871141670366
            ],
            [
              10.004756789638325,
              53.54688046593061
            ],
            [
              10.004859582807889,
              53.54691972799695
            ],
            [
              10.00488978052009,
              53.54693276168881
            ],
            [
              10.004922521770773,
              53.546951135049376
            ],
            [
              10.005002615582878,
              53.54700123754508
            ],
            [
              10.005028919484273,
              53.547016633706505
            ],
            [
              10.00503873687262,
              53.54701305766742
            ],
            [
              10.005904341076457,
              53.54677228924519
            ],
            [
              10.00590079854523,
              53.54662289420944
            ],
            [
              10.005900193950362,
              53.54662347897895
            ],
            [
              10.005899282564545,
              53.54662290146902
            ],
            [
              10.005896637464724,
              53.546618731500075
            ],
            [
              10.005873338307214,
              53.54656825546187
            ],
            [
              10.005862977922979,
              53.546551856682605
            ],
            [
              10.005828360318722,
              53.54651539073198
            ],
            [
              10.005776043990794,
              53.54646381579168
            ],
            [
              10.005634095163227,
              53.54632727752079
            ],
            [
              10.005621059852157,
              53.54631281410964
            ],
            [
              10.005617916884649,
              53.5463066914744
            ],
            [
              10.005616380809707,
              53.546292572097
            ],
            [
              10.005620184577204,
              53.54623922761386
            ],
            [
              10.005619893985607,
              53.54622509283908
            ],
            [
              10.00561829552838,
              53.54622345180451
            ],
            [
              10.005606165081328,
              53.54621767555126
            ],
            [
              10.004797772720467,
              53.546461421701935
            ],
            [
              10.004739368408563,
              53.546485240754734
            ]
          ]
        ],
        "type": "Polygon"
      },
      "id": "133",
      "properties": {
        "cell_id": 0,
        "idiso": 5
      },
      "type": "Feature"
    },
    {
      "geometry": {
        "coordinates": [
          [
            [
              10.004919309674769,
              53.546703418996486
            ],
            [
              10.005027945302846,
              53.54683217229722
            ],
            [
              10.005813090646193,
              53.54659879287329
            ],
            [
              10.005704455054959,
              53.54647003954371
            ],
            [
              10.004919309674769,
              53.546703418996486
            ]
          ]
        ],
        "type": "Polygon"
      },
      "id": "134",
      "properties": {
        "cell_id": 0,
        "idiso": 5
      },
      "type": "Feature"
    },
    {
      "geometry": {
        "coordinates": [
          [
            [
              10.005894895399223,
              53.54689985596479
            ],
            [
              10.005898034057715,
              53.546903754480965
            ],
            [
              10.00590792798652,
              53.54692355444854
            ],
            [
              10.0059046916098,
              53.54678707180571
            ],
            [
              10.005049463386909,
              53.547024954115926
            ],
            [
              10.005042803902098,
              53.547027379854505
            ],
            [
              10.005043189957677,
              53.54702849087433
            ],
            [
              10.005047468429145,
              53.547032821708015
            ],
            [
              10.00504917602309,
              53.5470331027151
            ],
            [
              10.005054448519797,
              53.54703209449884
            ],
            [
              10.005133014483464,
              53.54701593037393
            ],
            [
              10.005365855281607,
              53.54696477056083
            ],
            [
              10.005474381612528,
              53.54694197054999
            ],
            [
              10.005573841869856,
              53.54692324050245
            ],
            [
              10.005617688614247,
              53.54691626498165
            ],
            [
              10.005651133131357,
              53.54691190722563
            ],
            [
              10.005656406716245,
              53.546911621471025
            ],
            [
              10.005668162974091,
              53.54691259713262
            ],
            [
              10.005688157753244,
              53.54691715101756
            ],
            [
              10.005709925277705,
              53.546924169318885
            ],
            [
              10.005754009783697,
              53.546940000928394
            ],
            [
              10.00577394236672,
              53.546946015117584
            ],
            [
              10.00579087889862,
              53.54694889548506
            ],
            [
              10.005800335109202,
              53.5469482921966
            ],
            [
              10.005810686177865,
              53.54694501680819
            ],
            [
              10.005822016481464,
              53.54693960222654
            ],
            [
              10.005874329684215,
              53.546906815521645
            ],
            [
              10.005883851660139,
              53.54690166966465
            ],
            [
              10.005891736834815,
              53.54689876072005
            ],
            [
              10.005894895399223,
              53.54689985596479
            ]
          ]
        ],
        "type": "Polygon"
      },
      "id": "138",
      "properties": {
        "cell_id": 0,
        "idiso": 5
      },
      "type": "Feature"
    },
    {
      "geometry": {
        "coordinates": [
          [
            [
              10.004843507818302,
              53.547099973789216
            ],
            [
              10.00504288964957,
              53.54721136090228
            ],
            [
              10.005437003215139,
              53.54748124735284
            ],
            [
              10.00550235579472,
              53.547509936145225
            ],
            [
              10.005540041110805,
              53.54749406716625
            ],
            [
              10.005595889423645,
              53.54746635232329
            ],
            [
              10.005650958857276,
              53.54743676529453
            ],
            [
              10.005788953075884,
              53.54736018860749
            ],
            [
              10.005841372331371,
              53.54733297034283
            ],
            [
              10.005843227601696,
              53.5473331624675
            ],
            [
              10.00584474096633,
              53.547335148778046
            ],
            [
              10.005848116836598,
              53.54734329821103
            ],
            [
              10.005902643945289,
              53.54743715967335
            ],
            [
              10.005912834580995,
              53.54745168971365
            ],
            [
              10.00591658774193,
              53.54745551759689
            ],
            [
              10.00591920625244,
              53.547456482006886
            ],
            [
              10.005920510203474,
              53.54745415390717
            ],
            [
              10.00590792798652,
              53.54692355444854
            ],
            [
              10.005898034057715,
              53.546903754480965
            ],
            [
              10.005894895399223,
              53.54689985596479
            ],
            [
              10.005891736834815,
              53.54689876072005
            ],
            [
              10.005879270118292,
              53.54690400505704
            ],
            [
              10.005827923074575,
              53.5469363031278
            ],
            [
              10.005810686177869,
              53.54694501680816
            ],
            [
              10.005800335109203,
              53.54694829219658
            ],
            [
              10.00579087889862,
              53.54694889548506
            ],
            [
              10.005773942366718,
              53.54694601511756
            ],
            [
              10.005754009783697,
              53.54694000092837
            ],
            [
              10.005709925277705,
              53.54692416931885
            ],
            [
              10.005688157753244,
              53.54691715101754
            ],
            [
              10.005668162974091,
              53.546912597132604
            ],
            [
              10.005656406716243,
              53.546911621471
            ],
            [
              10.005651133131357,
              53.54691190722563
            ],
            [
              10.005617688614258,
              53.546916264981604
            ],
            [
              10.005573841869863,
              53.546923240502416
            ],
            [
              10.005474381612537,
              53.54694197054996
            ],
            [
              10.005365855281616,
              53.546964770560784
            ],
            [
              10.005133014483475,
              53.5470159303739
            ],
            [
              10.00504917602309,
              53.5470331027151
            ],
            [
              10.005045749820589,
              53.54703166035977
            ],
            [
              10.005042803902098,
              53.547027379854505
            ],
            [
              10.004843507818302,
              53.547099973789216
            ]
          ]
        ],
        "type": "Polygon"
      },
      "id": "187",
      "properties": {
        "cell_id": 0,
        "idiso": 6
      },
      "type": "Feature"
    },
    {
      "geometry": {
        "coordinates": [
          [
            [
              10.00479649551222,
              53.54709115862811
            ],
            [
              10.00493546389006,
              53.54728719241259
            ],
            [
              10.004957198584123,
              53.547349204877065
            ],
            [
              10.004984689023411,
              53.547361796187914
            ],
            [
              10.00501767800266,
              53.54737554620527
            ],
            [
              10.005109476478465,
              53.54741030481117
            ],
            [
              10.005224233200536,
              53.54745026932113
            ],
            [
              10.005360001877673,
              53.54749470661354
            ],
            [
              10.005378295103847,
              53.5474990169109
            ],
            [
              10.005402520248646,
              53.54750300581365
            ],
            [
              10.0054354884784,
              53.54750710888172
            ],
            [
              10.005461264987057,
              53.54750890436521
            ],
            [
              10.005421197041185,
              53.54749096443055
            ],
            [
              10.005018800412193,
              53.547216530299195
            ],
            [
              10.00479649551222,
              53.54709115862811
            ]
          ]
        ],
        "type": "Polygon"
      },
      "id": "188",
      "properties": {
        "cell_id": 0,
        "idiso": 6
      },
      "type": "Feature"
    },
    {
      "geometry": {
        "coordinates": [
          [
            [
              10.005015577518078,
              53.54751576812297
            ],
            [
              10.005740289700723,
              53.54763383348386
            ],
            [
              10.005461264987057,
              53.54750890436521
            ],
            [
              10.0054354884784,
              53.5475071088817
            ],
            [
              10.005402520248644,
              53.547503005813645
            ],
            [
              10.005378295103846,
              53.5474990169109
            ],
            [
              10.005360001877673,
              53.54749470661354
            ],
            [
              10.005224233200536,
              53.54745026932113
            ],
            [
              10.005109476478465,
              53.54741030481117
            ],
            [
              10.00501767800266,
              53.547375546205245
            ],
            [
              10.004984689023411,
              53.547361796187914
            ],
            [
              10.004957198584123,
              53.547349204877065
            ],
            [
              10.005015577518078,
              53.54751576812297
            ]
          ]
        ],
        "type": "Polygon"
      },
      "id": "217",
      "properties": {
        "cell_id": 0,
        "idiso": 7
      },
      "type": "Feature"
    },
    {
      "geometry": {
        "coordinates": [
          [
            [
              10.005788953075884,
              53.54736018860757
            ],
            [
              10.005650958857276,
              53.5474367652946
            ],
            [
              10.005595889423644,
              53.547466352323354
            ],
            [
              10.005540041110805,
              53.54749406716631
            ],
            [
              10.00550235579472,
              53.547509936145225
            ],
            [
              10.00580541412511,
              53.54764297318121
            ],
            [
              10.005925494501405,
              53.54766433998266
            ],
            [
              10.005920510203474,
              53.54745415390717
            ],
            [
              10.005919206252436,
              53.547456482006886
            ],
            [
              10.005916587741927,
              53.54745551759689
            ],
            [
              10.00590547092175,
              53.54744151739375
            ],
            [
              10.005848116836598,
              53.54734329821103
            ],
            [
              10.005844740966332,
              53.547335148778046
            ],
            [
              10.005843227601698,
              53.5473331624675
            ],
            [
              10.005841372331371,
              53.54733297034283
            ],
            [
              10.005788953075884,
              53.54736018860757
            ]
          ]
        ],
        "type": "Polygon"
      },
      "id": "218",
      "properties": {
        "cell_id": 0,
        "idiso": 7
      },
      "type": "Feature"
    },
    {
      "geometry": {
        "coordinates": [
          [
            [
              10.002807383930021,
              53.545255712902986
            ],
            [
              10.002779029752492,
              53.54530157588601
            ],
            [
              10.00275158905953,
              53.54535268688014
            ],
            [
              10.002733679952128,
              53.5453926941993
            ],
            [
              10.002724877509703,
              53.545421424918096
            ],
            [
              10.00272529767185,
              53.54542432498017
            ],
            [
              10.002730812600328,
              53.54543068109755
            ],
            [
              10.0027405307774,
              53.54543744694167
            ],
            [
              10.002767232657678,
              53.545453542778276
            ],
            [
              10.00278279532045,
              53.545469007385975
            ],
            [
              10.002990296121254,
              53.54570692848902
            ],
            [
              10.003035694665655,
              53.54576645390479
            ],
            [
              10.00305597375241,
              53.54579083001112
            ],
            [
              10.003069118951398,
              53.54580393111236
            ],
            [
              10.003094066958296,
              53.54582364707707
            ],
            [
              10.003134182181252,
              53.54585304482191
            ],
            [
              10.00319098296864,
              53.54589273529365
            ],
            [
              10.003376752978857,
              53.54601812243164
            ],
            [
              10.003702815889886,
              53.54624217131201
            ],
            [
              10.003804718517562,
              53.54630988251043
            ],
            [
              10.003888070568923,
              53.54636292602546
            ],
            [
              10.003935747591726,
              53.5463915602002
            ],
            [
              10.003979573107136,
              53.54641616233474
            ],
            [
              10.004037703054909,
              53.546447111256136
            ],
            [
              10.004109758778135,
              53.546483927480345
            ],
            [
              10.004187096011304,
              53.546522068070495
            ],
            [
              10.004265872571915,
              53.54655961765955
            ],
            [
              10.004336067311643,
              53.54659188308853
            ],
            [
              10.004401283463485,
              53.546620567175125
            ],
            [
              10.004481172351674,
              53.546652863722706
            ],
            [
              10.004541397301475,
              53.54661742262978
            ],
            [
              10.0046697405574,
              53.5465606198336
            ],
            [
              10.004700038688586,
              53.546497668259605
            ],
            [
              10.004776796153019,
              53.54645262481413
            ],
            [
              10.005637946385106,
              53.54618769648159
            ],
            [
              10.00560376036439,
              53.546188075754486
            ],
            [
              10.005558494467177,
              53.546186952106495
            ],
            [
              10.005508496345989,
              53.54618439077933
            ],
            [
              10.005446994216094,
              53.546180038413915
            ],
            [
              10.00532475719306,
              53.54616909496457
            ],
            [
              10.005065817918286,
              53.54614291270522
            ],
            [
              10.004891444345114,
              53.546128848345525
            ],
            [
              10.00378801252026,
              53.54598491964011
            ],
            [
              10.00359512643419,
              53.546045443212705
            ],
            [
              10.003070638979743,
              53.545699094106624
            ],
            [
              10.003368818614929,
              53.54562078539111
            ],
            [
              10.003345310473591,
              53.545624008322896
            ],
            [
              10.003308028099395,
              53.545626051903945
            ],
            [
              10.00325512754903,
              53.5456264447234
            ],
            [
              10.003231881557468,
              53.54562602444424
            ],
            [
              10.00323032483616,
              53.54562527861893
            ],
            [
              10.003229116107619,
              53.54561713753338
            ],
            [
              10.003225081191468,
              53.545606319951446
            ],
            [
              10.003189673900106,
              53.54553148408399
            ],
            [
              10.003178542476334,
              53.5455018903798
            ],
            [
              10.003175799237077,
              53.545489314314345
            ],
            [
              10.00317566193296,
              53.545478934704036
            ],
            [
              10.003178673779082,
              53.54547128849672
            ],
            [
              10.003182699459135,
              53.545467974741776
            ],
            [
              10.002825912601764,
              53.54544194672222
            ],
            [
              10.003053489796509,
              53.54506112507553
            ],
            [
              10.002976532820453,
              53.54504950385319
            ],
            [
              10.002807383930021,
              53.545255712902986
            ]
          ]
        ],
        "type": "Polygon"
      },
      "id": "120",
      "properties": {
        "cell_id": 0,
        "idiso": 5
      },
      "type": "Feature"
    },
    {
      "geometry": {
        "coordinates": [
          [
            [
              10.004823404340312,
              53.54655630288745
            ],
            [
              10.004681509249224,
              53.54657216146541
            ],
            [
              10.004570881468679,
              53.54662230097553
            ],
            [
              10.004591003917456,
              53.546646063315144
            ],
            [
              10.004691024334736,
              53.54661740881269
            ],
            [
              10.004823404340312,
              53.54655630288745
            ]
          ]
        ],
        "type": "Polygon"
      },
      "id": "135",
      "properties": {
        "cell_id": 0,
        "idiso": 5
      },
      "type": "Feature"
    },
    {
      "geometry": {
        "coordinates": [
          [
            [
              10.004569157915313,
              53.54665020480948
            ],
            [
              10.004554401635424,
              53.54663277930073
            ],
            [
              10.004523076018554,
              53.54665594616393
            ],
            [
              10.004569157915313,
              53.54665020480948
            ]
          ]
        ],
        "type": "Polygon"
      },
      "id": "136",
      "properties": {
        "cell_id": 0,
        "idiso": 5
      },
      "type": "Feature"
    },
    {
      "geometry": {
        "coordinates": [
          [
            [
              10.004163788089565,
              53.54680152075436
            ],
            [
              10.004224941046195,
              53.54684369436175
            ],
            [
              10.00424666262184,
              53.546857442364825
            ],
            [
              10.004265766949064,
              53.54686691469912
            ],
            [
              10.004320155471369,
              53.54689105946686
            ],
            [
              10.004336007653274,
              53.546900065670506
            ],
            [
              10.004413525990461,
              53.54685005135835
            ],
            [
              10.004129979498876,
              53.54666710449544
            ],
            [
              10.004029082572444,
              53.54670073680644
            ],
            [
              10.004031662112938,
              53.546722739755666
            ],
            [
              10.004034091652676,
              53.54672967414957
            ],
            [
              10.004036263569622,
              53.54673210665458
            ],
            [
              10.00405827783087,
              53.54674532637368
            ],
            [
              10.004118561963644,
              53.54677444777239
            ],
            [
              10.00413738442419,
              53.54678439180883
            ],
            [
              10.004163788089565,
              53.54680152075436
            ]
          ]
        ],
        "type": "Polygon"
      },
      "id": "184",
      "properties": {
        "cell_id": 0,
        "idiso": 6
      },
      "type": "Feature"
    },
    {
      "geometry": {
        "coordinates": [
          [
            [
              10.004316261869066,
              53.546768858663725
            ],
            [
              10.004826975061848,
              53.54709019278955
            ],
            [
              10.005028919484273,
              53.547016633706505
            ],
            [
              10.005002615582875,
              53.54700123754507
            ],
            [
              10.004922521770766,
              53.54695113504936
            ],
            [
              10.00488978052009,
              53.54693276168881
            ],
            [
              10.00485958280789,
              53.54691972799696
            ],
            [
              10.004756789638327,
              53.54688046593064
            ],
            [
              10.004736040804657,
              53.54687114167037
            ],
            [
              10.004719497213996,
              53.54686206622642
            ],
            [
              10.004650031571236,
              53.54682003020844
            ],
            [
              10.004571365949438,
              53.54676920195582
            ],
            [
              10.00450493069571,
              53.546723247305806
            ],
            [
              10.004464040204839,
              53.54669165208319
            ],
            [
              10.004316261869066,
              53.546768858663725
            ]
          ]
        ],
        "type": "Polygon"
      },
      "id": "185",
      "properties": {
        "cell_id": 0,
        "idiso": 6
      },
      "type": "Feature"
    },
    {
      "geometry": {
        "coordinates": [
          [
            [
              10.004355082281217,
              53.5469146741326
            ],
            [
              10.004364140678609,
              53.54693960232708
            ],
            [
              10.004370719224873,
              53.54694953895423
            ],
            [
              10.004402365957349,
              53.54697377486376
            ],
            [
              10.004484597939118,
              53.547029914425664
            ],
            [
              10.004513028014507,
              53.547050476946744
            ],
            [
              10.004535651558635,
              53.54707089013461
            ],
            [
              10.00456072336867,
              53.54709727368593
            ],
            [
              10.004563171804927,
              53.5471001659926
            ],
            [
              10.004563086546788,
              53.54710300142817
            ],
            [
              10.004560229070309,
              53.54710760407343
            ],
            [
              10.004551347973806,
              53.54711677511806
            ],
            [
              10.00455402413442,
              53.547135973795804
            ],
            [
              10.004552861710177,
              53.54713827898848
            ],
            [
              10.004405074815008,
              53.547049904594274
            ],
            [
              10.004151504958132,
              53.54691418073251
            ],
            [
              10.004072821502657,
              53.54687082333279
            ],
            [
              10.004745831678141,
              53.54728774832349
            ],
            [
              10.004761749743643,
              53.54727434206863
            ],
            [
              10.004801147816284,
              53.54714216949408
            ],
            [
              10.004760529680384,
              53.54706986736788
            ],
            [
              10.00442907730802,
              53.546859894460255
            ],
            [
              10.004351938126879,
              53.54690966415424
            ],
            [
              10.004355082281217,
              53.5469146741326
            ]
          ]
        ],
        "type": "Polygon"
      },
      "id": "186",
      "properties": {
        "cell_id": 0,
        "idiso": 6
      },
      "type": "Feature"
    },
    {
      "geometry": {
        "coordinates": [
          [
            [
              10.00481495736533,
              53.54718981497429
            ],
            [
              10.004827092481923,
              53.547190332746794
            ],
            [
              10.004839654042632,
              53.54719335392632
            ],
            [
              10.004843133133123,
              53.547195256072534
            ],
            [
              10.004820664667568,
              53.54716473982644
            ],
            [
              10.004812011329262,
              53.54719104208767
            ],
            [
              10.00481495736533,
              53.54718981497429
            ]
          ]
        ],
        "type": "Polygon"
      },
      "id": "216",
      "properties": {
        "cell_id": 0,
        "idiso": 7
      },
      "type": "Feature"
    },
    {
      "geometry": {
        "coordinates": [
          [
            [
              10.004783050515488,
              53.54727906971416
            ],
            [
              10.004702554951622,
              53.54734852297199
            ],
            [
              10.004602974856502,
              53.547389145186756
            ],
            [
              10.004604892686219,
              53.547389912485514
            ],
            [
              10.004616352876633,
              53.547391940176226
            ],
            [
              10.004634815827433,
              53.547393537604854
            ],
            [
              10.004684741079233,
              53.547395344199316
            ],
            [
              10.004738650574794,
              53.54739513732723
            ],
            [
              10.004780526444481,
              53.5473927220722
            ],
            [
              10.00479792500357,
              53.54739017996773
            ],
            [
              10.004826216214164,
              53.54738476209613
            ],
            [
              10.004872578896576,
              53.54737359231901
            ],
            [
              10.004894382286544,
              53.54736722471684
            ],
            [
              10.004913331911851,
              53.54736069630602
            ],
            [
              10.00492797642645,
              53.54735427783798
            ],
            [
              10.004934630994478,
              53.547350193643176
            ],
            [
              10.004913936366851,
              53.54729141937022
            ],
            [
              10.004843133133123,
              53.547195256072534
            ],
            [
              10.004839654042632,
              53.54719335392632
            ],
            [
              10.004827092481923,
              53.547190332746794
            ],
            [
              10.00481495736533,
              53.54718981497429
            ],
            [
              10.004812011329262,
              53.54719104208767
            ],
            [
              10.004783050515488,
              53.54727906971416
            ]
          ]
        ],
        "type": "Polygon"
      },
      "id": "189",
      "properties": {
        "cell_id": 0,
        "idiso": 6
      },
      "type": "Feature"
    },
    {
      "geometry": {
        "coordinates": [
          [
            [
              10.004413976970202,
              53.547429972043695
            ],
            [
              10.004991768062888,
              53.547512466259704
            ],
            [
              10.004934630994478,
              53.547350193643176
            ],
            [
              10.00492797642645,
              53.547354277838004
            ],
            [
              10.00491333191185,
              53.54736069630604
            ],
            [
              10.004894382286542,
              53.54736722471685
            ],
            [
              10.004872578896576,
              53.547373592319026
            ],
            [
              10.004826216214163,
              53.54738476209614
            ],
            [
              10.004797925003569,
              53.547390179967735
            ],
            [
              10.004780526444481,
              53.5473927220722
            ],
            [
              10.004738650574794,
              53.54739513732723
            ],
            [
              10.004675710938983,
              53.54739517765996
            ],
            [
              10.004628007020603,
              53.54739305443983
            ],
            [
              10.004611655853013,
              53.547391310882816
            ],
            [
              10.004602974856502,
              53.547389145186756
            ],
            [
              10.004413976970202,
              53.547429972043695
            ]
          ]
        ],
        "type": "Polygon"
      },
      "id": "214",
      "properties": {
        "cell_id": 0,
        "idiso": 7
      },
      "type": "Feature"
    },
    {
      "geometry": {
        "coordinates": [
          [
            [
              10.00394207039542,
              53.54749662497416
            ],
            [
              10.003981272202825,
              53.5474955104198
            ],
            [
              10.00389534223102,
              53.547481847065335
            ],
            [
              10.003692014815924,
              53.54746084965132
            ],
            [
              10.00394207039542,
              53.54749662497416
            ]
          ]
        ],
        "type": "Polygon"
      },
      "id": "225",
      "properties": {
        "cell_id": 0,
        "idiso": 7
      },
      "type": "Feature"
    },
    {
      "geometry": {
        "coordinates": [
          [
            [
              10.00282617969477,
              53.54629614476612
            ],
            [
              10.002770873905762,
              53.54628955816309
            ],
            [
              10.002734436272577,
              53.54628400406562
            ],
            [
              10.002706153371783,
              53.54627799276489
            ],
            [
              10.002737043950289,
              53.54631373259584
            ],
            [
              10.002518877074774,
              53.546382445388005
            ],
            [
              10.002523090491442,
              53.54638230111143
            ],
            [
              10.002539982086079,
              53.54637933035928
            ],
            [
              10.002682031361935,
              53.54635011966339
            ],
            [
              10.002738498323083,
              53.546339835297466
            ],
            [
              10.002740523312175,
              53.54634056216997
            ],
            [
              10.002744113310182,
              53.54634842189015
            ],
            [
              10.002745872697444,
              53.5463498652785
            ],
            [
              10.002755789453241,
              53.54635062853217
            ],
            [
              10.0028085679405,
              53.54634973042944
            ],
            [
              10.003094233546575,
              53.546308380275754
            ],
            [
              10.003155270383632,
              53.54629875522027
            ],
            [
              10.003189731907147,
              53.54629222168715
            ],
            [
              10.003076017734227,
              53.54628829599409
            ],
            [
              10.003028281640816,
              53.546296644030654
            ],
            [
              10.002986783244834,
              53.54630171930096
            ],
            [
              10.0029332346363,
              53.54630298229467
            ],
            [
              10.002903849318644,
              53.54630252224686
            ],
            [
              10.002879709473453,
              53.5463012659574
            ],
            [
              10.00282617969477,
              53.54629614476612
            ]
          ]
        ],
        "type": "Polygon"
      },
      "id": "101",
      "properties": {
        "cell_id": 0,
        "idiso": 4
      },
      "type": "Feature"
    },
    {
      "geometry": {
        "coordinates": [
          [
            [
              10.00151285812795,
              53.5467610478666
            ],
            [
              10.001459012751717,
              53.54678691935257
            ],
            [
              10.001211304727445,
              53.546911872900566
            ],
            [
              10.00110320219959,
              53.54696434017522
            ],
            [
              10.001048342257707,
              53.546989336929336
            ],
            [
              10.001001869983547,
              53.54700915429303
            ],
            [
              10.000958187674923,
              53.54702616687706
            ],
            [
              10.000917902704417,
              53.54703985234728
            ],
            [
              10.000879355466907,
              53.54704968727704
            ],
            [
              10.000832172936422,
              53.547058475435236
            ],
            [
              10.000770650841218,
              53.547067116540056
            ],
            [
              10.000704340091698,
              53.54707412699716
            ],
            [
              10.000636702079168,
              53.547079366316275
            ],
            [
              10.000563332663,
              53.547082968569754
            ],
            [
              10.000497592690694,
              53.54708395141648
            ],
            [
              10.000449546336217,
              53.54708246436527
            ],
            [
              10.000709180245908,
              53.54716743618495
            ],
            [
              10.000686967142443,
              53.547289060239144
            ],
            [
              10.000768825780433,
              53.547309567873945
            ],
            [
              10.000792468812481,
              53.54730744086075
            ],
            [
              10.00087370059367,
              53.54729221867646
            ],
            [
              10.00089357208518,
              53.547289380619404
            ],
            [
              10.000904919718057,
              53.54728858422419
            ],
            [
              10.000928753978208,
              53.54728880253913
            ],
            [
              10.0009565390672,
              53.54729026222772
            ],
            [
              10.001069361446927,
              53.54729931003811
            ],
            [
              10.001117058543214,
              53.54730203118678
            ],
            [
              10.001159115736971,
              53.54730208755697
            ],
            [
              10.00117689426705,
              53.547300690057995
            ],
            [
              10.001187234592269,
              53.547299114550874
            ],
            [
              10.001202420516414,
              53.547295437128874
            ],
            [
              10.00121874524123,
              53.54729013792019
            ],
            [
              10.001260068252222,
              53.54727281997459
            ],
            [
              10.001303725200897,
              53.54725104619241
            ],
            [
              10.00139255021455,
              53.54720362122548
            ],
            [
              10.001412550101673,
              53.54719373769685
            ],
            [
              10.00142620586415,
              53.547188010392475
            ],
            [
              10.001835107006144,
              53.54709363353189
            ],
            [
              10.002074529145824,
              53.547036972172606
            ],
            [
              10.002096953337617,
              53.547030042193725
            ],
            [
              10.002168105179871,
              53.54700306023246
            ],
            [
              10.002197070707275,
              53.546993230905755
            ],
            [
              10.002223163697797,
              53.5469867099951
            ],
            [
              10.002239580654626,
              53.54698509648194
            ],
            [
              10.002248530063458,
              53.546986012281295
            ],
            [
              10.002252307418653,
              53.546987153807
            ],
            [
              10.002275438645631,
              53.54699869019097
            ],
            [
              10.00230037256058,
              53.54701529241588
            ],
            [
              10.002326586993282,
              53.54703589928972
            ],
            [
              10.00237623965226,
              53.54708055777417
            ],
            [
              10.002474116671735,
              53.547177089548136
            ],
            [
              10.002505238150926,
              53.54720588451732
            ],
            [
              10.002621259662144,
              53.54722757010022
            ],
            [
              10.002888843770384,
              53.5472077025417
            ],
            [
              10.00311588753949,
              53.547218900593116
            ],
            [
              10.00376583020318,
              53.547255348795254
            ],
            [
              10.003988876761516,
              53.54726913898806
            ],
            [
              10.004159588506404,
              53.547281687758975
            ],
            [
              10.004211403160603,
              53.54728629046201
            ],
            [
              10.004250071705687,
              53.54729078359305
            ],
            [
              10.004302045855425,
              53.54729796557552
            ],
            [
              10.00435826914341,
              53.54730672025882
            ],
            [
              10.004423498681692,
              53.54731795564554
            ],
            [
              10.004477726989162,
              53.54732825413966
            ],
            [
              10.004525844164087,
              53.547338420836134
            ],
            [
              10.004564553744867,
              53.547347913405616
            ],
            [
              10.004573424386706,
              53.54735042585491
            ],
            [
              10.004575685241331,
              53.54735226737788
            ],
            [
              10.004575191745861,
              53.54735532178229
            ],
            [
              10.004568389910029,
              53.54736386166333
            ],
            [
              10.004548664305387,
              53.54738221270933
            ],
            [
              10.004545533375772,
              53.547387193588506
            ],
            [
              10.00459128530083,
              53.54737759740185
            ],
            [
              10.00468084597604,
              53.54734247941758
            ],
            [
              10.004745427648954,
              53.54728808859825
            ],
            [
              10.002730031393325,
              53.54708482890798
            ],
            [
              10.00265492620964,
              53.54708023127665
            ],
            [
              10.002641430160516,
              53.54708033798312
            ],
            [
              10.002610918473042,
              53.547053215320894
            ],
            [
              10.002570473999294,
              53.54701479475591
            ],
            [
              10.002362874577985,
              53.54680982615848
            ],
            [
              10.002307536787399,
              53.54675818605168
            ],
            [
              10.00226171880245,
              53.546717769103466
            ],
            [
              10.00220787870418,
              53.546674004442146
            ],
            [
              10.002181690180466,
              53.5466545970928
            ],
            [
              10.00215614051323,
              53.54663714696499
            ],
            [
              10.002131343081375,
              53.54662188448432
            ],
            [
              10.002107411263312,
              53.54660904007644
            ],
            [
              10.00208445843707,
              53.54659884416715
            ],
            [
              10.00207229500138,
              53.546595565774396
            ],
            [
              10.002052879071545,
              53.546594266023476
            ],
            [
              10.00203027012481,
              53.54659609060973
            ],
            [
              10.002004972005807,
              53.546600618574026
            ],
            [
              10.001970335284543,
              53.54660943885017
            ],
            [
              10.001940828711156,
              53.54661851028451
            ],
            [
              10.00190252562243,
              53.54663167795977
            ],
            [
              10.00175933885977,
              53.54668624591105
            ],
            [
              10.001709239315643,
              53.54670379084446
            ],
            [
              10.001682517835626,
              53.546711100595466
            ],
            [
              10.001596194543378,
              53.54672892093605
            ],
            [
              10.001576603052628,
              53.54673399701861
            ],
            [
              10.001561098427612,
              53.54673936354246
            ],
            [
              10.00151285812795,
              53.5467610478666
            ]
          ]
        ],
        "type": "Polygon"
      },
      "id": "157",
      "properties": {
        "cell_id": 0,
        "idiso": 6
      },
      "type": "Feature"
    },
    {
      "geometry": {
        "coordinates": [
          [
            [
              10.001835107006144,
              53.54709363353189
            ],
            [
              10.001426205864151,
              53.547188010392475
            ],
            [
              10.001412550101673,
              53.54719373769685
            ],
            [
              10.00139255021455,
              53.54720362122548
            ],
            [
              10.001303725200897,
              53.54725104619241
            ],
            [
              10.001260068252222,
              53.54727281997458
            ],
            [
              10.00121874524123,
              53.54729013792017
            ],
            [
              10.001202420516414,
              53.547295437128874
            ],
            [
              10.001187234592269,
              53.547299114550874
            ],
            [
              10.001176894267049,
              53.547300690057995
            ],
            [
              10.001159115736968,
              53.54730208755697
            ],
            [
              10.00111705854321,
              53.54730203118678
            ],
            [
              10.001069361446925,
              53.54729931003811
            ],
            [
              10.000956539067195,
              53.54729026222772
            ],
            [
              10.000928753978204,
              53.54728880253913
            ],
            [
              10.000904919718057,
              53.54728858422419
            ],
            [
              10.000893572085177,
              53.547289380619404
            ],
            [
              10.000873700593669,
              53.54729221867646
            ],
            [
              10.00079246881248,
              53.54730744086075
            ],
            [
              10.000768825780433,
              53.547309567873945
            ],
            [
              10.00105442754392,
              53.547381117657814
            ],
            [
              10.001371956148276,
              53.547349994711304
            ],
            [
              10.00239215702774,
              53.547310682681825
            ],
            [
              10.002614674374845,
              53.54726935802819
            ],
            [
              10.00297657124049,
              53.547255253770906
            ],
            [
              10.003319273207751,
              53.547280521361934
            ],
            [
              10.004370915235416,
              53.54742381847579
            ],
            [
              10.004545533375772,
              53.547387193588506
            ],
            [
              10.004548664305387,
              53.54738221270933
            ],
            [
              10.004568389910029,
              53.54736386166334
            ],
            [
              10.00457519174586,
              53.54735532178229
            ],
            [
              10.004575685241333,
              53.547352267377896
            ],
            [
              10.004573424386706,
              53.54735042585491
            ],
            [
              10.004543778148403,
              53.54734260324893
            ],
            [
              10.004499289150893,
              53.54733265905656
            ],
            [
              10.004399204129864,
              53.547313636056394
            ],
            [
              10.004294283940649,
              53.54729683064063
            ],
            [
              10.00423646371199,
              53.54728909635906
            ],
            [
              10.004194545748994,
              53.54728469649185
            ],
            [
              10.004095711329756,
              53.54727666274997
            ],
            [
              10.003966201686312,
              53.54726764119167
            ],
            [
              10.003724222271458,
              53.54725294716214
            ],
            [
              10.003119739584042,
              53.54721911329122
            ],
            [
              10.002888843770384,
              53.5472077025417
            ],
            [
              10.002621259662144,
              53.54722757010022
            ],
            [
              10.002505238150926,
              53.54720588451732
            ],
            [
              10.002474116671738,
              53.54717708954815
            ],
            [
              10.002380768716808,
              53.547084882218215
            ],
            [
              10.002335519445005,
              53.547043474753835
            ],
            [
              10.00230899421132,
              53.547021768817395
            ],
            [
              10.002287712902696,
              53.54700642439782
            ],
            [
              10.002267502151856,
              53.54699422945387
            ],
            [
              10.002252307418653,
              53.546987153807
            ],
            [
              10.002244276833169,
              53.54698533608223
            ],
            [
              10.00223447445467,
              53.54698526475256
            ],
            [
              10.0022231636978,
              53.5469867099951
            ],
            [
              10.00220394557242,
              53.546991218694494
            ],
            [
              10.002168105179873,
              53.54700306023246
            ],
            [
              10.002096953337617,
              53.547030042193725
            ],
            [
              10.002074529145824,
              53.547036972172606
            ],
            [
              10.001835107006144,
              53.54709363353189
            ]
          ]
        ],
        "type": "Polygon"
      },
      "id": "205",
      "properties": {
        "cell_id": 0,
        "idiso": 7
      },
      "type": "Feature"
    },
    {
      "geometry": {
        "coordinates": [
          [
            [
              10.00244669697606,
              53.54745127283023
            ],
            [
              10.002538030811852,
              53.54746142552565
            ],
            [
              10.003177840443453,
              53.547401800724764
            ],
            [
              10.002908385574907,
              53.5473786020237
            ],
            [
              10.00244669697606,
              53.54745127283023
            ]
          ]
        ],
        "type": "Polygon"
      },
      "id": "212",
      "properties": {
        "cell_id": 0,
        "idiso": 7
      },
      "type": "Feature"
    },
    {
      "geometry": {
        "coordinates": [
          [
            [
              10.003416211353013,
              53.54743525565323
            ],
            [
              10.003247178620466,
              53.54741107146874
            ],
            [
              10.002602043449356,
              53.54746854114429
            ],
            [
              10.002812496274425,
              53.54746975749521
            ],
            [
              10.003262806948781,
              53.54743261823256
            ],
            [
              10.003416211353013,
              53.54743525565323
            ]
          ]
        ],
        "type": "Polygon"
      },
      "id": "213",
      "properties": {
        "cell_id": 0,
        "idiso": 7
      },
      "type": "Feature"
    },
    {
      "geometry": {
        "coordinates": [
          [
            [
              10.002619125883264,
              53.54728265375552
            ],
            [
              10.002440727093527,
              53.54731578499846
            ],
            [
              10.00324869789872,
              53.54739742309201
            ],
            [
              10.003708229070126,
              53.54741208618843
            ],
            [
              10.003913257411998,
              53.547433564646504
            ],
            [
              10.004427254422652,
              53.547529894447784
            ],
            [
              10.00502194350904,
              53.54761632719227
            ],
            [
              10.004995622737336,
              53.54752684366012
            ],
            [
              10.003304134012696,
              53.54729272610173
            ],
            [
              10.002965751637861,
              53.54726905588291
            ],
            [
              10.002619125883264,
              53.54728265375552
            ]
          ]
        ],
        "type": "Polygon"
      },
      "id": "211",
      "properties": {
        "cell_id": 0,
        "idiso": 7
      },
      "type": "Feature"
    },
    {
      "geometry": {
        "coordinates": [
          [
            [
              10.003263659047022,
              53.547446120668276
            ],
            [
              10.002903571000953,
              53.54747442676321
            ],
            [
              10.003314370026748,
              53.54745588158366
            ],
            [
              10.003619557482349,
              53.547464348837785
            ],
            [
              10.003543557436858,
              53.547453475386895
            ],
            [
              10.003263659047022,
              53.547446120668276
            ]
          ]
        ],
        "type": "Polygon"
      },
      "id": "223",
      "properties": {
        "cell_id": 0,
        "idiso": 7
      },
      "type": "Feature"
    },
    {
      "geometry": {
        "coordinates": [
          [
            [
              10.004131129099342,
              53.54748718954488
            ],
            [
              10.004231356605143,
              53.54750164367219
            ],
            [
              10.003705319627374,
              53.54742547054469
            ],
            [
              10.003348191687612,
              53.54741165809935
            ],
            [
              10.004046318500311,
              53.54749189871687
            ],
            [
              10.004131129099342,
              53.54748718954488
            ]
          ]
        ],
        "type": "Polygon"
      },
      "id": "215",
      "properties": {
        "cell_id": 0,
        "idiso": 7
      },
      "type": "Feature"
    },
    {
      "geometry": {
        "coordinates": [
          [
            [
              10.003022828375943,
              53.54748294454809
            ],
            [
              10.003135169839794,
              53.547496766672
            ],
            [
              10.003608465356908,
              53.54749968581423
            ],
            [
              10.004018255490937,
              53.54754520935024
            ],
            [
              10.003936225705106,
              53.54751055180006
            ],
            [
              10.003611935579151,
              53.547477325982264
            ],
            [
              10.003314386976887,
              53.54746937776027
            ],
            [
              10.003022828375943,
              53.54748294454809
            ]
          ]
        ],
        "type": "Polygon"
      },
      "id": "224",
      "properties": {
        "cell_id": 0,
        "idiso": 7
      },
      "type": "Feature"
    },
    {
      "geometry": {
        "coordinates": [
          [
            [
              10.002862907975418,
              53.54753847565643
            ],
            [
              10.002900384607454,
              53.54753939609848
            ],
            [
              10.002983393152224,
              53.54754431115091
            ],
            [
              10.003023097273136,
              53.54754871119154
            ],
            [
              10.003105109455447,
              53.547559520678824
            ],
            [
              10.003121868058452,
              53.5475625461148
            ],
            [
              10.00313721900297,
              53.54756439948889
            ],
            [
              10.003141666227737,
              53.54756533865601
            ],
            [
              10.003143846013327,
              53.547566629232804
            ],
            [
              10.003164964339076,
              53.54751419932513
            ],
            [
              10.003111813567772,
              53.54751090594615
            ],
            [
              10.00283840053755,
              53.54753888433311
            ],
            [
              10.002862907975418,
              53.54753847565643
            ]
          ]
        ],
        "type": "Polygon"
      },
      "id": "227",
      "properties": {
        "cell_id": 0,
        "idiso": 7
      },
      "type": "Feature"
    },
    {
      "geometry": {
        "coordinates": [
          [
            [
              10.00504606442726,
              53.547619851873534
            ],
            [
              10.005564179384072,
              53.54769556036226
            ],
            [
              10.00575772384768,
              53.54765064554829
            ],
            [
              10.005019826001025,
              53.54753060816902
            ],
            [
              10.00504606442726,
              53.547619851873534
            ]
          ]
        ],
        "type": "Polygon"
      },
      "id": "219",
      "properties": {
        "cell_id": 0,
        "idiso": 7
      },
      "type": "Feature"
    },
    {
      "geometry": {
        "coordinates": [
          [
            [
              10.005848861960033,
              53.54766567645549
            ],
            [
              10.00592655208838,
              53.54770893770817
            ],
            [
              10.005925831497638,
              53.54767855089832
            ],
            [
              10.005848861960033,
              53.54766567645549
            ]
          ]
        ],
        "type": "Polygon"
      },
      "id": "249",
      "properties": {
        "cell_id": 0,
        "idiso": 7
      },
      "type": "Feature"
    },
    {
      "geometry": {
        "coordinates": [
          [
            [
              10.005075213976664,
              53.54771899660564
            ],
            [
              10.005412385712951,
              53.54777356338304
            ],
            [
              10.0055391210651,
              53.54770578084135
            ],
            [
              10.005050329098427,
              53.54763435709121
            ],
            [
              10.005075213976664,
              53.54771899660564
            ]
          ]
        ],
        "type": "Polygon"
      },
      "id": "250",
      "properties": {
        "cell_id": 0,
        "idiso": 7
      },
      "type": "Feature"
    },
    {
      "geometry": {
        "coordinates": [
          [
            [
              10.005593675896296,
              53.54769987040398
            ],
            [
              10.005927461323756,
              53.54774727945161
            ],
            [
              10.00592699563907,
              53.54772764190444
            ],
            [
              10.005803703509383,
              53.54765898743479
            ],
            [
              10.005593675896296,
              53.54769987040398
            ]
          ]
        ],
        "type": "Polygon"
      },
      "id": "251",
      "properties": {
        "cell_id": 0,
        "idiso": 7
      },
      "type": "Feature"
    },
    {
      "geometry": {
        "coordinates": [
          [
            [
              10.005011707717255,
              53.547722689914394
            ],
            [
              10.005060071824706,
              53.54774319171543
            ],
            [
              10.00505538338777,
              53.54772975832881
            ],
            [
              10.005011707717255,
              53.547722689914394
            ]
          ]
        ],
        "type": "Polygon"
      },
      "id": "253",
      "properties": {
        "cell_id": 0,
        "idiso": 7
      },
      "type": "Feature"
    },
    {
      "geometry": {
        "coordinates": [
          [
            [
              10.004852946219732,
              53.5476994342822
            ],
            [
              10.005088962585043,
              53.547799488554794
            ],
            [
              10.005070925428704,
              53.547764341180944
            ],
            [
              10.004948561303747,
              53.5477124703475
            ],
            [
              10.004837597916135,
              53.54769451202544
            ],
            [
              10.004852946219732,
              53.5476994342822
            ]
          ]
        ],
        "type": "Polygon"
      },
      "id": "252",
      "properties": {
        "cell_id": 0,
        "idiso": 7
      },
      "type": "Feature"
    },
    {
      "geometry": {
        "coordinates": [
          [
            [
              10.00543726262518,
              53.5477775893383
            ],
            [
              10.005929977511222,
              53.54785338464419
            ],
            [
              10.005927791007094,
              53.54776118191777
            ],
            [
              10.005568617581973,
              53.547710090889204
            ],
            [
              10.00543726262518,
              53.5477775893383
            ]
          ]
        ],
        "type": "Polygon"
      },
      "id": "255",
      "properties": {
        "cell_id": 0,
        "idiso": 7
      },
      "type": "Feature"
    },
    {
      "geometry": {
        "coordinates": [
          [
            [
              10.00507952684023,
              53.54773366566629
            ],
            [
              10.005090324284614,
              53.547756015873134
            ],
            [
              10.005282530216565,
              53.54785425704429
            ],
            [
              10.005394548376415,
              53.547784647730396
            ],
            [
              10.00507952684023,
              53.54773366566629
            ]
          ]
        ],
        "type": "Polygon"
      },
      "id": "254",
      "properties": {
        "cell_id": 0,
        "idiso": 7
      },
      "type": "Feature"
    },
    {
      "geometry": {
        "coordinates": [
          [
            [
              10.00512059852192,
              53.54781500845817
            ],
            [
              10.005240804491185,
              53.54788018578299
            ],
            [
              10.005247638277636,
              53.54787593921017
            ],
            [
              10.005261588550491,
              53.547862227960714
            ],
            [
              10.005263364089672,
              53.54786216112275
            ],
            [
              10.005101177907022,
              53.54777716533577
            ],
            [
              10.00512059852192,
              53.54781500845817
            ]
          ]
        ],
        "type": "Polygon"
      },
      "id": "256",
      "properties": {
        "cell_id": 0,
        "idiso": 7
      },
      "type": "Feature"
    },
    {
      "geometry": {
        "coordinates": [
          [
            [
              10.00514446040809,
              53.54785682408291
            ],
            [
              10.005225135589768,
              53.547889922566455
            ],
            [
              10.005135127063456,
              53.54784111872957
            ],
            [
              10.00514446040809,
              53.54785682408291
            ]
          ]
        ],
        "type": "Polygon"
      },
      "id": "259",
      "properties": {
        "cell_id": 0,
        "idiso": 7
      },
      "type": "Feature"
    },
    {
      "geometry": {
        "coordinates": [
          [
            [
              10.000779030545097,
              53.54733238294365
            ],
            [
              10.000750054168213,
              53.54733548631124
            ],
            [
              10.000690873300387,
              53.547346585391175
            ],
            [
              10.000666724827266,
              53.54734975100697
            ],
            [
              10.000602566740946,
              53.547353381248556
            ],
            [
              10.000561646694562,
              53.5473543221562
            ],
            [
              10.000532175934516,
              53.54735341082637
            ],
            [
              10.00050944600954,
              53.547350307273504
            ],
            [
              10.000559682325974,
              53.547382588149674
            ],
            [
              10.000780443913193,
              53.54744518066605
            ],
            [
              10.001021411056438,
              53.547387990827886
            ],
            [
              10.000779030545097,
              53.54733238294365
            ]
          ]
        ],
        "type": "Polygon"
      },
      "id": "207",
      "properties": {
        "cell_id": 0,
        "idiso": 7
      },
      "type": "Feature"
    },
    {
      "geometry": {
        "coordinates": [
          [
            [
              10.002261961714852,
              53.547462360850496
            ],
            [
              10.00106840770021,
              53.54750665081179
            ],
            [
              10.000791010168195,
              53.54746201009407
            ],
            [
              10.000790560183296,
              53.54757249227625
            ],
            [
              10.001907036467747,
              53.5475185968922
            ],
            [
              10.002261961714852,
              53.547462360850496
            ]
          ]
        ],
        "type": "Polygon"
      },
      "id": "231",
      "properties": {
        "cell_id": 0,
        "idiso": 7
      },
      "type": "Feature"
    },
    {
      "geometry": {
        "coordinates": [
          [
            [
              10.001781635372296,
              53.54753944422986
            ],
            [
              10.00079408024605,
              53.547585846176545
            ],
            [
              10.000799946908614,
              53.54760810224524
            ],
            [
              10.001577169102374,
              53.547572002526906
            ],
            [
              10.001781635372296,
              53.54753944422986
            ]
          ]
        ],
        "type": "Polygon"
      },
      "id": "232",
      "properties": {
        "cell_id": 0,
        "idiso": 7
      },
      "type": "Feature"
    },
    {
      "geometry": {
        "coordinates": [
          [
            [
              10.000744924854834,
              53.547588294807724
            ],
            [
              10.000764863255625,
              53.54760984980119
            ],
            [
              10.000777329125128,
              53.547609228863514
            ],
            [
              10.000771462492262,
              53.54758697286196
            ],
            [
              10.000744924854834,
              53.547588294807724
            ]
          ]
        ],
        "type": "Polygon"
      },
      "id": "241",
      "properties": {
        "cell_id": 0,
        "idiso": 7
      },
      "type": "Feature"
    },
    {
      "geometry": {
        "coordinates": [
          [
            [
              10.000776826622024,
              53.547622783137385
            ],
            [
              10.000782526219918,
              53.54762894484593
            ],
            [
              10.00078084918822,
              53.547622582769044
            ],
            [
              10.000776826622024,
              53.547622783137385
            ]
          ]
        ],
        "type": "Polygon"
      },
      "id": "243",
      "properties": {
        "cell_id": 0,
        "idiso": 7
      },
      "type": "Feature"
    },
    {
      "geometry": {
        "coordinates": [
          [
            [
              10.00080346697872,
              53.5476214561501
            ],
            [
              10.000813155566872,
              53.54765821119228
            ],
            [
              10.001443961556127,
              53.54759166676015
            ],
            [
              10.00080346697872,
              53.5476214561501
            ]
          ]
        ],
        "type": "Polygon"
      },
      "id": "239",
      "properties": {
        "cell_id": 0,
        "idiso": 7
      },
      "type": "Feature"
    },
    {
      "geometry": {
        "coordinates": [
          [
            [
              10.001693976060103,
              53.54758015988651
            ],
            [
              10.00158083763887,
              53.54758536712796
            ],
            [
              10.000822548230715,
              53.547671041375885
            ],
            [
              10.000840579762782,
              53.547688212122544
            ],
            [
              10.00167831961367,
              53.547607516104264
            ],
            [
              10.001693976060103,
              53.54758015988651
            ]
          ]
        ],
        "type": "Polygon"
      },
      "id": "245",
      "properties": {
        "cell_id": 0,
        "idiso": 7
      },
      "type": "Feature"
    },
    {
      "geometry": {
        "coordinates": [
          [
            [
              10.001656232728447,
              53.54764610804517
            ],
            [
              10.001670037112769,
              53.547621987949114
            ],
            [
              10.00143031283178,
              53.54764513692821
            ],
            [
              10.00113798089168,
              53.547676782080416
            ],
            [
              10.000905650130733,
              53.547702870052326
            ],
            [
              10.000878451206916,
              53.54770691032511
            ],
            [
              10.000864194880455,
              53.547710699881435
            ],
            [
              10.00087584357009,
              53.54772179246531
            ],
            [
              10.00106318490284,
              53.54770609874604
            ],
            [
              10.001656232728447,
              53.54764610804517
            ]
          ]
        ],
        "type": "Polygon"
      },
      "id": "160",
      "properties": {
        "cell_id": 0,
        "idiso": 6
      },
      "type": "Feature"
    },
    {
      "geometry": {
        "coordinates": [
          [
            [
              10.000878451206914,
              53.54770691032513
            ],
            [
              10.000910840668203,
              53.54770224737621
            ],
            [
              10.001146072427112,
              53.547675891992114
            ],
            [
              10.00143031283178,
              53.54764513692821
            ],
            [
              10.000853804372754,
              53.547700805408276
            ],
            [
              10.000864194880455,
              53.547710699881435
            ],
            [
              10.000878451206914,
              53.54770691032513
            ]
          ]
        ],
        "type": "Polygon"
      },
      "id": "240",
      "properties": {
        "cell_id": 0,
        "idiso": 7
      },
      "type": "Feature"
    },
    {
      "geometry": {
        "coordinates": [
          [
            [
              10.000708448062051,
              53.547707840728535
            ],
            [
              10.000732921080763,
              53.54771019433921
            ],
            [
              10.000809129269994,
              53.54771084013325
            ],
            [
              10.000839277886383,
              53.54771239811391
            ],
            [
              10.000829061567321,
              53.54770266950661
            ],
            [
              10.000708448062051,
              53.547707840728535
            ]
          ]
        ],
        "type": "Polygon"
      },
      "id": "247",
      "properties": {
        "cell_id": 0,
        "idiso": 7
      },
      "type": "Feature"
    },
    {
      "geometry": {
        "coordinates": [
          [
            [
              10.000753313952773,
              53.54745242053115
            ],
            [
              10.000577100755812,
              53.547402458824116
            ],
            [
              10.000646000214596,
              53.54748105804787
            ],
            [
              10.000753313952773,
              53.54745242053115
            ]
          ]
        ],
        "type": "Polygon"
      },
      "id": "210",
      "properties": {
        "cell_id": 0,
        "idiso": 7
      },
      "type": "Feature"
    },
    {
      "geometry": {
        "coordinates": [
          [
            [
              10.000514795381848,
              53.547373996346984
            ],
            [
              10.000495841701168,
              53.547388613208156
            ],
            [
              10.000473479004851,
              53.54740199253126
            ],
            [
              10.000461787362008,
              53.54740755946434
            ],
            [
              10.00045067170562,
              53.54741156110102
            ],
            [
              10.000445544603036,
              53.54741278349327
            ],
            [
              10.000435732665968,
              53.547413592258245
            ],
            [
              10.000411733812534,
              53.547412965667895
            ],
            [
              10.000383237617546,
              53.54741045476196
            ],
            [
              10.000236164492543,
              53.54739043711464
            ],
            [
              10.000206845419306,
              53.547390216313
            ],
            [
              10.000192479336269,
              53.547389315029825
            ],
            [
              10.000187736506373,
              53.54738804069168
            ],
            [
              10.000185522140658,
              53.54738597875575
            ],
            [
              10.000190497617545,
              53.54759699667815
            ],
            [
              10.000286564199229,
              53.54756536253468
            ],
            [
              10.00062508110573,
              53.54748632579721
            ],
            [
              10.000514795381848,
              53.547373996346984
            ]
          ]
        ],
        "type": "Polygon"
      },
      "id": "209",
      "properties": {
        "cell_id": 0,
        "idiso": 7
      },
      "type": "Feature"
    },
    {
      "geometry": {
        "coordinates": [
          [
            [
              10.000768277276343,
              53.54746320114981
            ],
            [
              10.000656744511826,
              53.547492964553534
            ],
            [
              10.000732961535252,
              53.54757536149767
            ],
            [
              10.000767942436518,
              53.54757361896098
            ],
            [
              10.000768277276343,
              53.54746320114981
            ]
          ]
        ],
        "type": "Polygon"
      },
      "id": "237",
      "properties": {
        "cell_id": 0,
        "idiso": 7
      },
      "type": "Feature"
    },
    {
      "geometry": {
        "coordinates": [
          [
            [
              10.000708254636143,
              53.54757659223954
            ],
            [
              10.000635020812082,
              53.547498477090606
            ],
            [
              10.00022634930151,
              53.547600596689215
            ],
            [
              10.000708254636143,
              53.54757659223954
            ]
          ]
        ],
        "type": "Polygon"
      },
      "id": "238",
      "properties": {
        "cell_id": 0,
        "idiso": 7
      },
      "type": "Feature"
    },
    {
      "geometry": {
        "coordinates": [
          [
            [
              10.000190943083997,
              53.54761588949103
            ],
            [
              10.000191474074878,
              53.54763840947861
            ],
            [
              10.000740156270595,
              53.547611080477466
            ],
            [
              10.000720217948576,
              53.54758952555211
            ],
            [
              10.000190943083997,
              53.54761588949103
            ]
          ]
        ],
        "type": "Polygon"
      },
      "id": "242",
      "properties": {
        "cell_id": 0,
        "idiso": 7
      },
      "type": "Feature"
    },
    {
      "geometry": {
        "coordinates": [
          [
            [
              10.000191792702129,
              53.54765192284418
            ],
            [
              10.000191859193704,
              53.54765474283067
            ],
            [
              10.000505010134038,
              53.547672739816534
            ],
            [
              10.000785303683932,
              53.5476598883583
            ],
            [
              10.000752119629844,
              53.547624013816154
            ],
            [
              10.000191792702129,
              53.54765192284418
            ]
          ]
        ],
        "type": "Polygon"
      },
      "id": "244",
      "properties": {
        "cell_id": 0,
        "idiso": 7
      },
      "type": "Feature"
    },
    {
      "geometry": {
        "coordinates": [
          [
            [
              10.000192178995846,
              53.54766830601147
            ],
            [
              10.000192773039956,
              53.547693500083724
            ],
            [
              10.000214229672315,
              53.547692546598505
            ],
            [
              10.000241961990355,
              53.547692811379
            ],
            [
              10.00037092776732,
              53.54769852780653
            ],
            [
              10.000501637370387,
              53.54770101772406
            ],
            [
              10.000526845409127,
              53.547702160331866
            ],
            [
              10.000525750482911,
              53.547702355808084
            ],
            [
              10.000815836964069,
              53.547690076218146
            ],
            [
              10.000793964398818,
              53.547673013321564
            ],
            [
              10.000504790122806,
              53.547686271967514
            ],
            [
              10.000192178995846,
              53.54766830601147
            ]
          ]
        ],
        "type": "Polygon"
      },
      "id": "246",
      "properties": {
        "cell_id": 0,
        "idiso": 7
      },
      "type": "Feature"
    },
    {
      "geometry": {
        "coordinates": [
          [
            [
              10.00024957862219,
              53.54769302254886
            ],
            [
              10.000214229672313,
              53.5476925465985
            ],
            [
              10.000192773039956,
              53.547693500083724
            ],
            [
              10.000193313634073,
              53.547716427249014
            ],
            [
              10.000526845409127,
              53.547702160331866
            ],
            [
              10.00050163737039,
              53.54770101772406
            ],
            [
              10.000376460015858,
              53.5476986962205
            ],
            [
              10.00024957862219,
              53.54769302254886
            ]
          ]
        ],
        "type": "Polygon"
      },
      "id": "164",
      "properties": {
        "cell_id": 0,
        "idiso": 6
      },
      "type": "Feature"
    },
    {
      "geometry": {
        "coordinates": [
          [
            [
              10.000193631582306,
              53.54772991175336
            ],
            [
              10.000194160912443,
              53.547752361152575
            ],
            [
              10.000851100524146,
              53.547723656349895
            ],
            [
              10.000839277886383,
              53.54771239811391
            ],
            [
              10.000809129269994,
              53.54771084013325
            ],
            [
              10.000732921080763,
              53.54771019433921
            ],
            [
              10.000708448062051,
              53.547707840728535
            ],
            [
              10.000193631582306,
              53.54772991175336
            ]
          ]
        ],
        "type": "Polygon"
      },
      "id": "165",
      "properties": {
        "cell_id": 0,
        "idiso": 6
      },
      "type": "Feature"
    },
    {
      "geometry": {
        "coordinates": [
          [
            [
              10.000206449092248,
              53.54779711929118
            ],
            [
              10.000204466163769,
              53.54779692117587
            ],
            [
              10.000234006438838,
              53.54780383213553
            ],
            [
              10.000249054587854,
              53.54780306640213
            ],
            [
              10.000206449092248,
              53.54779711929118
            ]
          ]
        ],
        "type": "Polygon"
      },
      "id": "141",
      "properties": {
        "cell_id": 0,
        "idiso": 5
      },
      "type": "Feature"
    },
    {
      "geometry": {
        "coordinates": [
          [
            [
              10.002089889216565,
              53.547672605811286
            ],
            [
              10.002095532399593,
              53.547649023789624
            ],
            [
              10.002072334261497,
              53.54763083296167
            ],
            [
              10.002111263713134,
              53.54761328911049
            ],
            [
              10.001673283962683,
              53.54765810343374
            ],
            [
              10.001599432446875,
              53.54776964120849
            ],
            [
              10.00149547238709,
              53.54787140083274
            ],
            [
              10.001754802471797,
              53.5478734059203
            ],
            [
              10.00193543228626,
              53.54789356295207
            ],
            [
              10.00195629118175,
              53.54789953714349
            ],
            [
              10.001952817628716,
              53.54789670702155
            ],
            [
              10.001945605557468,
              53.547886990868996
            ],
            [
              10.001888727679548,
              53.54787117289081
            ],
            [
              10.001875305513268,
              53.54786681688355
            ],
            [
              10.001865970284056,
              53.54786253839719
            ],
            [
              10.001863424022869,
              53.54786046543181
            ],
            [
              10.0018632441204,
              53.5478562694414
            ],
            [
              10.001867309424261,
              53.54785103337928
            ],
            [
              10.001879022591268,
              53.547841535510415
            ],
            [
              10.001913704602233,
              53.547819995497626
            ],
            [
              10.001959528340551,
              53.547794385029036
            ],
            [
              10.002017694819834,
              53.547767867236374
            ],
            [
              10.002033152976447,
              53.54775972428604
            ],
            [
              10.002041070513856,
              53.54775455030222
            ],
            [
              10.002049443695144,
              53.547746282575716
            ],
            [
              10.002059282660513,
              53.54773106938643
            ],
            [
              10.002084964639204,
              53.54767685497926
            ],
            [
              10.002089889216565,
              53.547672605811286
            ]
          ]
        ],
        "type": "Polygon"
      },
      "id": "175",
      "properties": {
        "cell_id": 0,
        "idiso": 6
      },
      "type": "Feature"
    },
    {
      "geometry": {
        "coordinates": [
          [
            [
              10.002085770857553,
              53.54767583007312
            ],
            [
              10.002083251085908,
              53.547679975736145
            ],
            [
              10.00205692582485,
              53.547735223727486
            ],
            [
              10.002049443695144,
              53.54774628257574
            ],
            [
              10.002041070513854,
              53.54775455030222
            ],
            [
              10.002033152976445,
              53.54775972428604
            ],
            [
              10.00201769481983,
              53.547767867236374
            ],
            [
              10.001955077153056,
              53.54779667306435
            ],
            [
              10.001907485379432,
              53.54782359392119
            ],
            [
              10.001889519058789,
              53.54783450527628
            ],
            [
              10.001874490168564,
              53.54784487520489
            ],
            [
              10.001864842094353,
              53.547853783711275
            ],
            [
              10.001862605998275,
              53.54785845649558
            ],
            [
              10.001865970284053,
              53.547862538397155
            ],
            [
              10.0018816234797,
              53.547868992638534
            ],
            [
              10.001945605557468,
              53.547886990868996
            ],
            [
              10.001952817628714,
              53.54789670702155
            ],
            [
              10.00195629118175,
              53.54789953714349
            ],
            [
              10.002147775334063,
              53.54795437982545
            ],
            [
              10.002138182296088,
              53.5480539327289
            ],
            [
              10.002167139643984,
              53.54805994643704
            ],
            [
              10.002167544582141,
              53.54805844985002
            ],
            [
              10.002170587912422,
              53.548056605145995
            ],
            [
              10.002210441502292,
              53.54804128119676
            ],
            [
              10.002215047267109,
              53.548038527041584
            ],
            [
              10.002217461051588,
              53.54803586116141
            ],
            [
              10.002223358228452,
              53.548013986429
            ],
            [
              10.002226748950758,
              53.547981255487684
            ],
            [
              10.002226643032738,
              53.54794394433755
            ],
            [
              10.002224740422616,
              53.54792563105945
            ],
            [
              10.002223111934686,
              53.547922846878095
            ],
            [
              10.00221955810614,
              53.54791991695372
            ],
            [
              10.002195742547503,
              53.547905759011684
            ],
            [
              10.00217193912795,
              53.54788222175795
            ],
            [
              10.002166456204145,
              53.54787477281089
            ],
            [
              10.002165917505355,
              53.5478701327125
            ],
            [
              10.002066906410038,
              53.54787023395804
            ],
            [
              10.002024535107147,
              53.54783600111874
            ],
            [
              10.00205374073465,
              53.54782366432158
            ],
            [
              10.002089889216565,
              53.547672605811286
            ],
            [
              10.002085770857553,
              53.54767583007312
            ]
          ]
        ],
        "type": "Polygon"
      },
      "id": "137",
      "properties": {
        "cell_id": 0,
        "idiso": 5
      },
      "type": "Feature"
    },
    {
      "geometry": {
        "coordinates": [
          [
            [
              10.002358089673935,
              53.54790823675119
            ],
            [
              10.002360256040753,
              53.5479140402259
            ],
            [
              10.002361756761923,
              53.54791521597383
            ],
            [
              10.002382114908151,
              53.547906148523396
            ],
            [
              10.002358740287148,
              53.54790387632936
            ],
            [
              10.002358089673935,
              53.54790823675119
            ]
          ]
        ],
        "type": "Polygon"
      },
      "id": "66",
      "properties": {
        "cell_id": 0,
        "idiso": 3
      },
      "type": "Feature"
    },
    {
      "geometry": {
        "coordinates": [
          [
            [
              10.002165917505355,
              53.5478701327125
            ],
            [
              10.002166456204145,
              53.54787477281089
            ],
            [
              10.002171939127948,
              53.54788222175794
            ],
            [
              10.002195742547503,
              53.547905759011684
            ],
            [
              10.00221955810614,
              53.547919916953724
            ],
            [
              10.002223111934686,
              53.547922846878116
            ],
            [
              10.002224740422616,
              53.54792563105945
            ],
            [
              10.002225654736536,
              53.54793224273043
            ],
            [
              10.00222718347526,
              53.547961916412994
            ],
            [
              10.002224690756716,
              53.54800512220005
            ],
            [
              10.002221716977886,
              53.54802218628632
            ],
            [
              10.002217461051588,
              53.54803586116141
            ],
            [
              10.002215047267109,
              53.548038527041584
            ],
            [
              10.002210441502292,
              53.54804128119676
            ],
            [
              10.002170587912422,
              53.548056605145995
            ],
            [
              10.002167544582141,
              53.54805844985002
            ],
            [
              10.002167139643984,
              53.54805994643704
            ],
            [
              10.002253376252431,
              53.54807785554585
            ],
            [
              10.002546526913394,
              53.54807539841351
            ],
            [
              10.00254177695759,
              53.548074771429924
            ],
            [
              10.00252082759457,
              53.54806825630166
            ],
            [
              10.00249334343764,
              53.548061730846456
            ],
            [
              10.002485029193721,
              53.54805830753511
            ],
            [
              10.002461489689932,
              53.54804037364079
            ],
            [
              10.002426780750389,
              53.548010201561
            ],
            [
              10.00240652068558,
              53.54799078247664
            ],
            [
              10.002405354374059,
              53.547988499882145
            ],
            [
              10.002405296140308,
              53.54797667615269
            ],
            [
              10.002400571807485,
              53.54795938593649
            ],
            [
              10.002396245328315,
              53.54795000032936
            ],
            [
              10.002385841765498,
              53.547939070759
            ],
            [
              10.002359806792171,
              53.54791608448346
            ],
            [
              10.002361756761923,
              53.54791521597383
            ],
            [
              10.002360256040749,
              53.5479140402259
            ],
            [
              10.002358089673933,
              53.54790823675119
            ],
            [
              10.002358740287148,
              53.54790387632936
            ],
            [
              10.002299810620553,
              53.54789814788845
            ],
            [
              10.00226964906466,
              53.54790885629565
            ],
            [
              10.002230955503205,
              53.54787006616213
            ],
            [
              10.002165917505355,
              53.5478701327125
            ]
          ]
        ],
        "type": "Polygon"
      },
      "id": "89",
      "properties": {
        "cell_id": 0,
        "idiso": 4
      },
      "type": "Feature"
    },
    {
      "geometry": {
        "coordinates": [
          [
            [
              10.001647950188135,
              53.54766057993129
            ],
            [
              10.000889068297319,
              53.5477343858386
            ],
            [
              10.000992210993209,
              53.54780788358435
            ],
            [
              10.00112074523808,
              53.54785706791874
            ],
            [
              10.001285647042788,
              53.54788477402474
            ],
            [
              10.00146336460123,
              53.54787245229396
            ],
            [
              10.001579367811745,
              53.54776337057476
            ],
            [
              10.001647950188135,
              53.54766057993129
            ]
          ]
        ],
        "type": "Polygon"
      },
      "id": "161",
      "properties": {
        "cell_id": 0,
        "idiso": 6
      },
      "type": "Feature"
    },
    {
      "geometry": {
        "coordinates": [
          [
            [
              10.001943533674895,
              53.54791701540467
            ],
            [
              10.001952960058315,
              53.54791562214151
            ],
            [
              10.00195869481462,
              53.54791555396307
            ],
            [
              10.001936720243464,
              53.547909016701226
            ],
            [
              10.001653941663168,
              53.54788285198798
            ],
            [
              10.001332809934148,
              53.547898665955806
            ],
            [
              10.000938163036434,
              53.5479923633434
            ],
            [
              10.000968665710532,
              53.548032620759194
            ],
            [
              10.00100373222194,
              53.54802219212475
            ],
            [
              10.001065629706853,
              53.54800783920683
            ],
            [
              10.001136764893346,
              53.54799340502372
            ],
            [
              10.001300525874175,
              53.5479618315853
            ],
            [
              10.001311319142761,
              53.54796108042166
            ],
            [
              10.001315900274498,
              53.547961718123574
            ],
            [
              10.00133880256733,
              53.547968663297596
            ],
            [
              10.001348789177863,
              53.547969996130696
            ],
            [
              10.001385286949292,
              53.547965081388604
            ],
            [
              10.001489206185196,
              53.547946841775875
            ],
            [
              10.001526213010377,
              53.547941778043324
            ],
            [
              10.00156464495451,
              53.547940368753686
            ],
            [
              10.001657051218112,
              53.54794097924771
            ],
            [
              10.001719525975437,
              53.54793897317909
            ],
            [
              10.001769366451262,
              53.54793442661823
            ],
            [
              10.001931552709669,
              53.54791680962577
            ],
            [
              10.001943533674895,
              53.54791701540467
            ]
          ]
        ],
        "type": "Polygon"
      },
      "id": "176",
      "properties": {
        "cell_id": 0,
        "idiso": 6
      },
      "type": "Feature"
    },
    {
      "geometry": {
        "coordinates": [
          [
            [
              10.001300525874175,
              53.5479618315853
            ],
            [
              10.001287445511773,
              53.54796395437895
            ],
            [
              10.001081007123814,
              53.54800460131223
            ],
            [
              10.001016153745526,
              53.54801906389559
            ],
            [
              10.000972759696163,
              53.548031192126444
            ],
            [
              10.000968665710532,
              53.548032620759194
            ],
            [
              10.000994655164122,
              53.54806692156131
            ],
            [
              10.001310162230974,
              53.54796444036859
            ],
            [
              10.001359678730045,
              53.548018606151736
            ],
            [
              10.001661531394321,
              53.548024727369565
            ],
            [
              10.001659988433458,
              53.548052016192486
            ],
            [
              10.001855919942773,
              53.54805589335296
            ],
            [
              10.001857436827649,
              53.54802858010594
            ],
            [
              10.002043394405364,
              53.54803424762229
            ],
            [
              10.002115945709747,
              53.54804931474688
            ],
            [
              10.002124054672283,
              53.54796474702331
            ],
            [
              10.00195869481462,
              53.54791555396307
            ],
            [
              10.001952960058315,
              53.54791562214149
            ],
            [
              10.001943533674895,
              53.54791701540467
            ],
            [
              10.001931552709669,
              53.54791680962577
            ],
            [
              10.001769366451263,
              53.54793442661823
            ],
            [
              10.001719525975437,
              53.54793897317912
            ],
            [
              10.001657051218112,
              53.54794097924771
            ],
            [
              10.001564644954508,
              53.54794036875365
            ],
            [
              10.001526213010377,
              53.547941778043324
            ],
            [
              10.0014892061852,
              53.547946841775875
            ],
            [
              10.001385286949295,
              53.547965081388604
            ],
            [
              10.001348789177863,
              53.547969996130696
            ],
            [
              10.001338802567329,
              53.547968663297596
            ],
            [
              10.001321239982225,
              53.54796313643175
            ],
            [
              10.001311319142761,
              53.54796108042166
            ],
            [
              10.001300525874175,
              53.5479618315853
            ]
          ]
        ],
        "type": "Polygon"
      },
      "id": "125",
      "properties": {
        "cell_id": 0,
        "idiso": 5
      },
      "type": "Feature"
    },
    {
      "geometry": {
        "coordinates": [
          [
            [
              10.000937804570674,
              53.548035418473425
            ],
            [
              10.00094300333873,
              53.548035209432875
            ],
            [
              10.000946391888279,
              53.54803600191213
            ],
            [
              10.00091688562862,
              53.54799705939731
            ],
            [
              10.000670570052437,
              53.5480498541877
            ],
            [
              10.000921248592029,
              53.54803755521689
            ],
            [
              10.000937804570674,
              53.548035418473425
            ]
          ]
        ],
        "type": "Polygon"
      },
      "id": "198",
      "properties": {
        "cell_id": 0,
        "idiso": 6
      },
      "type": "Feature"
    },
    {
      "geometry": {
        "coordinates": [
          [
            [
              10.000310709089447,
              53.54782096625023
            ],
            [
              10.000318426733362,
              53.547820954055624
            ],
            [
              10.0003370590083,
              53.547825854384186
            ],
            [
              10.000355635974676,
              53.547832432380986
            ],
            [
              10.000384116699973,
              53.54784392249816
            ],
            [
              10.000414066975717,
              53.54785720527526
            ],
            [
              10.000448964337727,
              53.54787414375946
            ],
            [
              10.000471164201013,
              53.54788621382848
            ],
            [
              10.000486587503508,
              53.547896304725555
            ],
            [
              10.000514115424366,
              53.54791841482034
            ],
            [
              10.000543564076505,
              53.54794534594378
            ],
            [
              10.000636057899909,
              53.54803693829024
            ],
            [
              10.000637914774801,
              53.54803926456924
            ],
            [
              10.000637669950095,
              53.54804059317471
            ],
            [
              10.000647424664324,
              53.54804048638842
            ],
            [
              10.001276924502081,
              53.547897510531364
            ],
            [
              10.001060319077745,
              53.54785274100298
            ],
            [
              10.000935098715798,
              53.547793889405845
            ],
            [
              10.000864325244654,
              53.54773624972596
            ],
            [
              10.000194478885684,
              53.54776584668829
            ],
            [
              10.000195160252767,
              53.54779474405213
            ],
            [
              10.000204466163769,
              53.54779692117587
            ],
            [
              10.000249054587854,
              53.54780306640213
            ],
            [
              10.000301538808015,
              53.54780039569857
            ],
            [
              10.000310709089447,
              53.54782096625023
            ]
          ]
        ],
        "type": "Polygon"
      },
      "id": "166",
      "properties": {
        "cell_id": 0,
        "idiso": 6
      },
      "type": "Feature"
    },
    {
      "geometry": {
        "coordinates": [
          [
            [
              10.000362935945313,
              53.54793811985871
            ],
            [
              10.00033126411077,
              53.54800554951129
            ],
            [
              10.000337536445027,
              53.54804478582737
            ],
            [
              10.000330988237433,
              53.54804515681082
            ],
            [
              10.000326285233342,
              53.54804896395404
            ],
            [
              10.00031011959201,
              53.54807234764658
            ],
            [
              10.000309292578804,
              53.54807830191529
            ],
            [
              10.000311412397235,
              53.548079767464415
            ],
            [
              10.000327056396047,
              53.54808246831731
            ],
            [
              10.00035896767751,
              53.54808545437673
            ],
            [
              10.000485457739146,
              53.548091809229525
            ],
            [
              10.000491546325692,
              53.54809260772321
            ],
            [
              10.00092678750656,
              53.54808896577076
            ],
            [
              10.000974724448547,
              53.54807339529734
            ],
            [
              10.000946391888279,
              53.54803600191213
            ],
            [
              10.000943003338728,
              53.54803520943285
            ],
            [
              10.000921248592029,
              53.54803755521689
            ],
            [
              10.000670570052437,
              53.5480498541877
            ],
            [
              10.00065157559326,
              53.548053925395806
            ],
            [
              10.000483091169063,
              53.548055769713294
            ],
            [
              10.000482675181384,
              53.5480422898185
            ],
            [
              10.000638230335646,
              53.5480401921765
            ],
            [
              10.00063521762875,
              53.54803609399986
            ],
            [
              10.000535055604727,
              53.5479373214824
            ],
            [
              10.000505978244878,
              53.54791148414336
            ],
            [
              10.000479318582332,
              53.54789126205971
            ],
            [
              10.000460920114353,
              53.54788044794287
            ],
            [
              10.00043567488623,
              53.54786748063467
            ],
            [
              10.000376740619298,
              53.54784082585782
            ],
            [
              10.000349099797402,
              53.547830008102416
            ],
            [
              10.00033164889944,
              53.54782416978394
            ],
            [
              10.000318426733362,
              53.54782095405562
            ],
            [
              10.000310709089447,
              53.54782096625023
            ],
            [
              10.000362935945313,
              53.54793811985871
            ]
          ]
        ],
        "type": "Polygon"
      },
      "id": "142",
      "properties": {
        "cell_id": 0,
        "idiso": 5
      },
      "type": "Feature"
    },
    {
      "geometry": {
        "coordinates": [
          [
            [
              10.000330988237433,
              53.54804515681082
            ],
            [
              10.000270201739623,
              53.54804860060388
            ],
            [
              10.000235614588908,
              53.54806016390868
            ],
            [
              10.000232691208733,
              53.5480646589692
            ],
            [
              10.00022097343777,
              53.548077051854776
            ],
            [
              10.000207763920598,
              53.54808904068467
            ],
            [
              10.000202188554205,
              53.54809281742518
            ],
            [
              10.000202240670008,
              53.54809502765945
            ],
            [
              10.00049202545229,
              53.548092431261054
            ],
            [
              10.00035896767751,
              53.54808545437673
            ],
            [
              10.000327056396047,
              53.548082468317304
            ],
            [
              10.000311412397235,
              53.548079767464415
            ],
            [
              10.000309292578805,
              53.54807830191529
            ],
            [
              10.000310119592013,
              53.54807234764658
            ],
            [
              10.000326285233342,
              53.54804896395404
            ],
            [
              10.000330988237433,
              53.54804515681082
            ]
          ]
        ],
        "type": "Polygon"
      },
      "id": "87",
      "properties": {
        "cell_id": 0,
        "idiso": 4
      },
      "type": "Feature"
    },
    {
      "geometry": {
        "coordinates": [
          [
            [
              10.0002077639206,
              53.54808904068467
            ],
            [
              10.000220973437772,
              53.548077051854776
            ],
            [
              10.000232691208733,
              53.5480646589692
            ],
            [
              10.000235614588908,
              53.54806016390868
            ],
            [
              10.000201686069442,
              53.548071507001616
            ],
            [
              10.000202188554205,
              53.54809281742518
            ],
            [
              10.0002077639206,
              53.54808904068467
            ]
          ]
        ],
        "type": "Polygon"
      },
      "id": "63",
      "properties": {
        "cell_id": 0,
        "idiso": 3
      },
      "type": "Feature"
    },
    {
      "geometry": {
        "coordinates": [
          [
            [
              10.004081756918648,
              53.54755708344102
            ],
            [
              10.004470955273923,
              53.5476227845202
            ],
            [
              10.00414778234241,
              53.547545894390495
            ],
            [
              10.003996387324802,
              53.54751833052923
            ],
            [
              10.004081756918648,
              53.54755708344102
            ]
          ]
        ],
        "type": "Polygon"
      },
      "id": "226",
      "properties": {
        "cell_id": 0,
        "idiso": 7
      },
      "type": "Feature"
    },
    {
      "geometry": {
        "coordinates": [
          [
            [
              10.004644887063034,
              53.547649348690555
            ],
            [
              10.004367807130336,
              53.5475674299112
            ],
            [
              10.00401591533311,
              53.547507127493894
            ],
            [
              10.004644887063034,
              53.547649348690555
            ]
          ]
        ],
        "type": "Polygon"
      },
      "id": "228",
      "properties": {
        "cell_id": 0,
        "idiso": 7
      },
      "type": "Feature"
    },
    {
      "geometry": {
        "coordinates": [
          [
            [
              10.004725767481526,
              53.547633127917116
            ],
            [
              10.00441946479153,
              53.547542642875655
            ],
            [
              10.004109436156476,
              53.54750193470242
            ],
            [
              10.004376544000277,
              53.547554960990084
            ],
            [
              10.004749653799982,
              53.547666307967496
            ],
            [
              10.004895250241535,
              53.5476898714123
            ],
            [
              10.004725767481526,
              53.547633127917116
            ]
          ]
        ],
        "type": "Polygon"
      },
      "id": "221",
      "properties": {
        "cell_id": 0,
        "idiso": 7
      },
      "type": "Feature"
    },
    {
      "geometry": {
        "coordinates": [
          [
            [
              10.003219327921968,
              53.54750794731077
            ],
            [
              10.004557162772187,
              53.54771548396487
            ],
            [
              10.004814280183503,
              53.54776939737854
            ],
            [
              10.004635785628155,
              53.54770641637008
            ],
            [
              10.004188276655782,
              53.54759352953637
            ],
            [
              10.003791806152675,
              53.54752864317119
            ],
            [
              10.003219327921968,
              53.54750794731077
            ]
          ]
        ],
        "type": "Polygon"
      },
      "id": "230",
      "properties": {
        "cell_id": 0,
        "idiso": 7
      },
      "type": "Feature"
    },
    {
      "geometry": {
        "coordinates": [
          [
            [
              10.004958396608854,
              53.5477000910076
            ],
            [
              10.005051050421292,
              53.54771508601242
            ],
            [
              10.005026192682648,
              53.54763083014753
            ],
            [
              10.004518998076763,
              53.54755699661397
            ],
            [
              10.004958396608854,
              53.5477000910076
            ]
          ]
        ],
        "type": "Polygon"
      },
      "id": "220",
      "properties": {
        "cell_id": 0,
        "idiso": 7
      },
      "type": "Feature"
    },
    {
      "geometry": {
        "coordinates": [
          [
            [
              10.003165817805872,
              53.54756987651785
            ],
            [
              10.00318704765336,
              53.54757091311653
            ],
            [
              10.003214181174705,
              53.54757397964714
            ],
            [
              10.003336233590485,
              53.54759173497338
            ],
            [
              10.003380769381675,
              53.547592998013386
            ],
            [
              10.003587570670028,
              53.54761797666571
            ],
            [
              10.004251290520209,
              53.5477001849047
            ],
            [
              10.004339682896937,
              53.547712744425226
            ],
            [
              10.004509762192974,
              53.54773410317325
            ],
            [
              10.004555398765739,
              53.54774056327236
            ],
            [
              10.004610126484067,
              53.54774984791619
            ],
            [
              10.004831495705819,
              53.54779164398441
            ],
            [
              10.004551211756105,
              53.547728492676136
            ],
            [
              10.003187055199476,
              53.54751715109283
            ],
            [
              10.003165817805872,
              53.54756987651785
            ]
          ]
        ],
        "type": "Polygon"
      },
      "id": "229",
      "properties": {
        "cell_id": 0,
        "idiso": 7
      },
      "type": "Feature"
    },
    {
      "geometry": {
        "coordinates": [
          [
            [
              10.00470438499535,
              53.547672952681
            ],
            [
              10.004833064905656,
              53.54771710218593
            ],
            [
              10.005108683634644,
              53.54783701277148
            ],
            [
              10.005088537975501,
              53.54781585742655
            ],
            [
              10.004840969218412,
              53.54771090577149
            ],
            [
              10.00470438499535,
              53.547672952681
            ]
          ]
        ],
        "type": "Polygon"
      },
      "id": "222",
      "properties": {
        "cell_id": 0,
        "idiso": 7
      },
      "type": "Feature"
    },
    {
      "geometry": {
        "coordinates": [
          [
            [
              10.004378386328947,
              53.54762256499994
            ],
            [
              10.004800832072341,
              53.54774750064711
            ],
            [
              10.005024308531958,
              53.54783925272237
            ],
            [
              10.005150601400944,
              53.54790924331438
            ],
            [
              10.005124982421652,
              53.54786444765404
            ],
            [
              10.005047891919896,
              53.54782175890218
            ],
            [
              10.004820966849907,
              53.547728510722905
            ],
            [
              10.004591253150862,
              53.54765507575767
            ],
            [
              10.004378386328947,
              53.54762256499994
            ]
          ]
        ],
        "type": "Polygon"
      },
      "id": "248",
      "properties": {
        "cell_id": 0,
        "idiso": 7
      },
      "type": "Feature"
    },
    {
      "geometry": {
        "coordinates": [
          [
            [
              10.003156032937035,
              53.54759416906646
            ],
            [
              10.00342983832196,
              53.54763853377368
            ],
            [
              10.003464967605465,
              53.54762596483282
            ],
            [
              10.003491124030829,
              53.54764802782422
            ],
            [
              10.004622750133791,
              53.54782480435741
            ],
            [
              10.004604399851686,
              53.54793747104881
            ],
            [
              10.004613480552692,
              53.54793868881871
            ],
            [
              10.00463019392233,
              53.547944922226044
            ],
            [
              10.004651005276815,
              53.54795537991614
            ],
            [
              10.004680844862454,
              53.54797265743364
            ],
            [
              10.004794686308351,
              53.54804549019859
            ],
            [
              10.004801742500456,
              53.548053087877314
            ],
            [
              10.004802486264744,
              53.54805542977489
            ],
            [
              10.004801163234266,
              53.54805647646312
            ],
            [
              10.004977046715833,
              53.5480549985798
            ],
            [
              10.00500313547617,
              53.54803277769948
            ],
            [
              10.005120422870455,
              53.54795628157269
            ],
            [
              10.005115465777912,
              53.5479486534991
            ],
            [
              10.005104141233058,
              53.54793719672279
            ],
            [
              10.005088282639546,
              53.54792455336074
            ],
            [
              10.005068822313223,
              53.547911032294735
            ],
            [
              10.005022825719186,
              53.54788259257955
            ],
            [
              10.004928633465376,
              53.54782877155062
            ],
            [
              10.004902169855232,
              53.54781282536572
            ],
            [
              10.004880225194313,
              53.54780262323135
            ],
            [
              10.004831495705819,
              53.54779164398441
            ],
            [
              10.004610126484064,
              53.547749847916165
            ],
            [
              10.004555398765739,
              53.54774056327239
            ],
            [
              10.004509762192974,
              53.547734103173276
            ],
            [
              10.004339682896937,
              53.547712744425255
            ],
            [
              10.004251290520209,
              53.5477001849047
            ],
            [
              10.00358757067003,
              53.547617976665684
            ],
            [
              10.003380769381675,
              53.547592998013386
            ],
            [
              10.003336233590485,
              53.54759173497338
            ],
            [
              10.003214181174702,
              53.54757397964716
            ],
            [
              10.003187047653359,
              53.54757091311653
            ],
            [
              10.003165817805872,
              53.54756987651785
            ],
            [
              10.003156032937035,
              53.54759416906646
            ]
          ]
        ],
        "type": "Polygon"
      },
      "id": "174",
      "properties": {
        "cell_id": 0,
        "idiso": 6
      },
      "type": "Feature"
    },
    {
      "geometry": {
        "coordinates": [
          [
            [
              10.003806126208701,
              53.547889123994814
            ],
            [
              10.003819085013363,
              53.54788818945184
            ],
            [
              10.003824342977213,
              53.547888447079906
            ],
            [
              10.003898610790156,
              53.547898072898846
            ],
            [
              10.003995327163306,
              53.54791173151748
            ],
            [
              10.004310007643994,
              53.54795821675971
            ],
            [
              10.004310162773834,
              53.547958732289224
            ],
            [
              10.004310252299994,
              53.54795823149204
            ],
            [
              10.003750332026618,
              53.547872554568656
            ],
            [
              10.003734652252968,
              53.54790367231871
            ],
            [
              10.00373682426726,
              53.54790388340869
            ],
            [
              10.003741637853343,
              53.54790259965711
            ],
            [
              10.003758666141005,
              53.54789693938746
            ],
            [
              10.003806126208701,
              53.547889123994814
            ]
          ]
        ],
        "type": "Polygon"
      },
      "id": "64",
      "properties": {
        "cell_id": 0,
        "idiso": 3
      },
      "type": "Feature"
    },
    {
      "geometry": {
        "coordinates": [
          [
            [
              10.002892567583467,
              53.547539113445524
            ],
            [
              10.002862907975416,
              53.5475384756564
            ],
            [
              10.00283840053755,
              53.54753888433311
            ],
            [
              10.0026072476462,
              53.54756253771932
            ],
            [
              10.002883461932285,
              53.54756718527192
            ],
            [
              10.00310154876541,
              53.547585340905954
            ],
            [
              10.003134179448596,
              53.54759062811299
            ],
            [
              10.003143846013327,
              53.547566629232804
            ],
            [
              10.003141666227739,
              53.54756533865599
            ],
            [
              10.003105109455447,
              53.547559520678824
            ],
            [
              10.003045500271728,
              53.54755157049978
            ],
            [
              10.00297807822737,
              53.54754386630116
            ],
            [
              10.002892567583467,
              53.547539113445524
            ]
          ]
        ],
        "type": "Polygon"
      },
      "id": "173",
      "properties": {
        "cell_id": 0,
        "idiso": 6
      },
      "type": "Feature"
    },
    {
      "geometry": {
        "coordinates": [
          [
            [
              10.002982878888249,
              53.54785009159928
            ],
            [
              10.002959473331753,
              53.54791071293918
            ],
            [
              10.00312735262105,
              53.547926601581246
            ],
            [
              10.003160238223327,
              53.54791119043147
            ],
            [
              10.003141833531478,
              53.54787142633305
            ],
            [
              10.002982878888249,
              53.54785009159928
            ]
          ]
        ],
        "type": "Polygon"
      },
      "id": "12",
      "properties": {
        "cell_id": 0,
        "idiso": 0
      },
      "type": "Feature"
    },
    {
      "geometry": {
        "coordinates": [
          [
            [
              10.002390165621929,
              53.547943244795846
            ],
            [
              10.002397811849871,
              53.5479526450315
            ],
            [
              10.002405296140308,
              53.54797667615269
            ],
            [
              10.002405078807628,
              53.54798552662447
            ],
            [
              10.00240652068558,
              53.54799078247664
            ],
            [
              10.002426780750387,
              53.54801020156102
            ],
            [
              10.002452696263257,
              53.54803304963666
            ],
            [
              10.002474013441129,
              53.54805030947977
            ],
            [
              10.002488546090506,
              53.5480600860572
            ],
            [
              10.002498972397083,
              53.54806325068856
            ],
            [
              10.00252082759457,
              53.54806825630166
            ],
            [
              10.002536300342138,
              53.54807333605596
            ],
            [
              10.002546526913394,
              53.54807539841351
            ],
            [
              10.002774301052115,
              53.548073488758384
            ],
            [
              10.00274606982373,
              53.54806637461263
            ],
            [
              10.002728633644997,
              53.548060797403934
            ],
            [
              10.002639883850792,
              53.54804523987999
            ],
            [
              10.002419149193873,
              53.54798360228258
            ],
            [
              10.002432945905033,
              53.54794169351499
            ],
            [
              10.002406676065993,
              53.547953390329944
            ],
            [
              10.002366374551672,
              53.54792131213149
            ],
            [
              10.002390165621929,
              53.547943244795846
            ]
          ]
        ],
        "type": "Polygon"
      },
      "id": "67",
      "properties": {
        "cell_id": 0,
        "idiso": 3
      },
      "type": "Feature"
    },
    {
      "geometry": {
        "coordinates": [
          [
            [
              10.002746069823727,
              53.54806637461263
            ],
            [
              10.002774301052115,
              53.548073488758384
            ],
            [
              10.002799813017846,
              53.54807327483939
            ],
            [
              10.002728633644997,
              53.548060797403934
            ],
            [
              10.002746069823727,
              53.54806637461263
            ]
          ]
        ],
        "type": "Polygon"
      },
      "id": "44",
      "properties": {
        "cell_id": 0,
        "idiso": 2
      },
      "type": "Feature"
    },
    {
      "geometry": {
        "coordinates": [
          [
            [
              10.005263364089672,
              53.54786216112275
            ],
            [
              10.005261588550491,
              53.547862227960714
            ],
            [
              10.005247638277636,
              53.54787593921017
            ],
            [
              10.005266861281857,
              53.54786399386577
            ],
            [
              10.005263364089672,
              53.54786216112275
            ]
          ]
        ],
        "type": "Polygon"
      },
      "id": "190",
      "properties": {
        "cell_id": 0,
        "idiso": 6
      },
      "type": "Feature"
    },
    {
      "geometry": {
        "coordinates": [
          [
            [
              10.004928633465378,
              53.54782877155061
            ],
            [
              10.005022825719188,
              53.54788259257954
            ],
            [
              10.005068822313225,
              53.547911032294735
            ],
            [
              10.005088282639548,
              53.54792455336073
            ],
            [
              10.005104141233064,
              53.54793719672279
            ],
            [
              10.005115465777916,
              53.5479486534991
            ],
            [
              10.005120422870455,
              53.54795628157269
            ],
            [
              10.005158011118084,
              53.54793176602226
            ],
            [
              10.004902169855232,
              53.54781282536572
            ],
            [
              10.004928633465378,
              53.54782877155061
            ]
          ]
        ],
        "type": "Polygon"
      },
      "id": "260",
      "properties": {
        "cell_id": 0,
        "idiso": 7
      },
      "type": "Feature"
    },
    {
      "geometry": {
        "coordinates": [
          [
            [
              10.005419425293518,
              53.54778867368935
            ],
            [
              10.005305308093844,
              53.54785958740934
            ],
            [
              10.005337409269043,
              53.54787024760283
            ],
            [
              10.005451307763218,
              53.54791059527159
            ],
            [
              10.005483237635366,
              53.54792056559012
            ],
            [
              10.00550582908758,
              53.547926477503616
            ],
            [
              10.005533473156024,
              53.54793158288552
            ],
            [
              10.005567076327736,
              53.547936083204604
            ],
            [
              10.005731001513947,
              53.54795221188848
            ],
            [
              10.005787647551767,
              53.547959574600334
            ],
            [
              10.005812521691212,
              53.54796600402545
            ],
            [
              10.00583330183775,
              53.54797355503675
            ],
            [
              10.005848678737047,
              53.547981656318704
            ],
            [
              10.00585271740296,
              53.547986567848504
            ],
            [
              10.005927528374665,
              53.5478952186312
            ],
            [
              10.005930999944123,
              53.54789649945739
            ],
            [
              10.00593030888146,
              53.54786735815621
            ],
            [
              10.005419425293518,
              53.54778867368935
            ]
          ]
        ],
        "type": "Polygon"
      },
      "id": "257",
      "properties": {
        "cell_id": 0,
        "idiso": 7
      },
      "type": "Feature"
    },
    {
      "geometry": {
        "coordinates": [
          [
            [
              10.005199620149458,
              53.54790577805582
            ],
            [
              10.005160370755199,
              53.54788404384592
            ],
            [
              10.005179510939454,
              53.54791827406026
            ],
            [
              10.005199620149458,
              53.54790577805582
            ]
          ]
        ],
        "type": "Polygon"
      },
      "id": "261",
      "properties": {
        "cell_id": 0,
        "idiso": 7
      },
      "type": "Feature"
    },
    {
      "geometry": {
        "coordinates": [
          [
            [
              10.005236884303528,
              53.54792785088715
            ],
            [
              10.005216200740817,
              53.547914959487585
            ],
            [
              10.005190138786434,
              53.54793115457122
            ],
            [
              10.005232122546238,
              53.54795717795846
            ],
            [
              10.00523033233212,
              53.54795477760918
            ],
            [
              10.005229795502478,
              53.54794802720143
            ],
            [
              10.00523464537549,
              53.5479299394196
            ],
            [
              10.005236884303528,
              53.54792785088715
            ]
          ]
        ],
        "type": "Polygon"
      },
      "id": "258",
      "properties": {
        "cell_id": 0,
        "idiso": 7
      },
      "type": "Feature"
    },
    {
      "geometry": {
        "coordinates": [
          [
            [
              10.00590064020075,
              53.547963605007745
            ],
            [
              10.005913640165222,
              53.547957546942655
            ],
            [
              10.005925899429391,
              53.547953426178644
            ],
            [
              10.005930170083857,
              53.54795288249115
            ],
            [
              10.00593235810545,
              53.547953771377
            ],
            [
              10.00593157679529,
              53.547920824554616
            ],
            [
              10.00589195942844,
              53.54796907171457
            ],
            [
              10.00590064020075,
              53.547963605007745
            ]
          ]
        ],
        "type": "Polygon"
      },
      "id": "263",
      "properties": {
        "cell_id": 0,
        "idiso": 7
      },
      "type": "Feature"
    },
    {
      "geometry": {
        "coordinates": [
          [
            [
              10.00515011004592,
              53.54795944621727
            ],
            [
              10.005156153963028,
              53.54795886805772
            ],
            [
              10.005171048527192,
              53.54795940951441
            ],
            [
              10.00519375399867,
              53.54796326736866
            ],
            [
              10.005203958683513,
              53.547966937343155
            ],
            [
              10.005173544162275,
              53.54794162692361
            ],
            [
              10.005145593100984,
              53.54796069685967
            ],
            [
              10.00515011004592,
              53.54795944621727
            ]
          ]
        ],
        "type": "Polygon"
      },
      "id": "262",
      "properties": {
        "cell_id": 0,
        "idiso": 7
      },
      "type": "Feature"
    },
    {
      "geometry": {
        "coordinates": [
          [
            [
              10.005299277185562,
              53.54786333507444
            ],
            [
              10.005591463413488,
              53.548049833834725
            ],
            [
              10.005802357564274,
              53.548048060344875
            ],
            [
              10.00585271740296,
              53.547986567848504
            ],
            [
              10.005851479869936,
              53.547984200767615
            ],
            [
              10.005844554814182,
              53.54797899412908
            ],
            [
              10.005826654403599,
              53.54797089738866
            ],
            [
              10.005798877249276,
              53.54796207075588
            ],
            [
              10.005770952169847,
              53.54795699665492
            ],
            [
              10.005723676998791,
              53.547951449042884
            ],
            [
              10.005574363337198,
              53.54793692966993
            ],
            [
              10.00553976355444,
              53.547932522536534
            ],
            [
              10.005510936614314,
              53.5479275916515
            ],
            [
              10.005483237635367,
              53.54792056559012
            ],
            [
              10.005451307763222,
              53.54791059527158
            ],
            [
              10.005337409269046,
              53.54787024760283
            ],
            [
              10.005305308093844,
              53.54785958740934
            ],
            [
              10.005299277185562,
              53.54786333507444
            ]
          ]
        ],
        "type": "Polygon"
      },
      "id": "191",
      "properties": {
        "cell_id": 0,
        "idiso": 6
      },
      "type": "Feature"
    },
    {
      "geometry": {
        "coordinates": [
          [
            [
              10.005257549420248,
              53.547889265087484
            ],
            [
              10.005513818636054,
              53.54805048668576
            ],
            [
              10.005560960541445,
              53.548050090314284
            ],
            [
              10.005283608251402,
              53.54787307189811
            ],
            [
              10.005257549420248,
              53.547889265087484
            ]
          ]
        ],
        "type": "Polygon"
      },
      "id": "192",
      "properties": {
        "cell_id": 0,
        "idiso": 6
      },
      "type": "Feature"
    },
    {
      "geometry": {
        "coordinates": [
          [
            [
              10.005483065536309,
              53.54805074524932
            ],
            [
              10.005241880519378,
              53.54789900187313
            ],
            [
              10.005465668989078,
              53.548050891511174
            ],
            [
              10.005483065536309,
              53.54805074524932
            ]
          ]
        ],
        "type": "Polygon"
      },
      "id": "193",
      "properties": {
        "cell_id": 0,
        "idiso": 6
      },
      "type": "Feature"
    },
    {
      "geometry": {
        "coordinates": [
          [
            [
              10.0041227630022,
              53.547998397869996
            ],
            [
              10.004128427806323,
              53.548062126820454
            ],
            [
              10.004219631397975,
              53.54806136101619
            ],
            [
              10.00421414377838,
              53.54798278591662
            ],
            [
              10.00400643488948,
              53.54794257066023
            ],
            [
              10.004022764620697,
              53.54793105424862
            ],
            [
              10.004159218527336,
              53.54794913666095
            ],
            [
              10.004233656477382,
              53.54797382586681
            ],
            [
              10.00424187255244,
              53.548061174254535
            ],
            [
              10.004291924593929,
              53.54806075394637
            ],
            [
              10.004310028810888,
              53.54795822164559
            ],
            [
              10.003979736858886,
              53.547909481587176
            ],
            [
              10.003824342977213,
              53.547888447079906
            ],
            [
              10.00381908501336,
              53.547888189451825
            ],
            [
              10.003806126208701,
              53.547889123994814
            ],
            [
              10.003771007250595,
              53.54789443143732
            ],
            [
              10.003758666141005,
              53.54789693938746
            ],
            [
              10.00373682426726,
              53.54790388340869
            ],
            [
              10.003734652252968,
              53.54790367231871
            ],
            [
              10.003710321926913,
              53.54795195768018
            ],
            [
              10.003781112400718,
              53.54796261484348
            ],
            [
              10.003841404390265,
              53.54795621569244
            ],
            [
              10.0041227630022,
              53.547998397869996
            ]
          ]
        ],
        "type": "Polygon"
      },
      "id": "97",
      "properties": {
        "cell_id": 0,
        "idiso": 4
      },
      "type": "Feature"
    },
    {
      "geometry": {
        "coordinates": [
          [
            [
              10.004706226922588,
              53.547988455778274
            ],
            [
              10.004662550283392,
              53.54796183697124
            ],
            [
              10.00464016683444,
              53.54794969421494
            ],
            [
              10.004625581716986,
              53.54794292336068
            ],
            [
              10.004613480552694,
              53.54793868881871
            ],
            [
              10.004604399851686,
              53.54793747104881
            ],
            [
              10.004584720906987,
              53.54805829479213
            ],
            [
              10.004801163234266,
              53.54805647646312
            ],
            [
              10.004802486264744,
              53.54805542977489
            ],
            [
              10.004801742500456,
              53.548053087877314
            ],
            [
              10.004794686308351,
              53.54804549019859
            ],
            [
              10.004706226922588,
              53.547988455778274
            ]
          ]
        ],
        "type": "Polygon"
      },
      "id": "139",
      "properties": {
        "cell_id": 0,
        "idiso": 5
      },
      "type": "Feature"
    },
    {
      "geometry": {
        "coordinates": [
          [
            [
              10.003704983130907,
              53.547962552907094
            ],
            [
              10.003701732373381,
              53.547969004267884
            ],
            [
              10.003795429370314,
              53.54798003891943
            ],
            [
              10.003781490365196,
              53.54802194287067
            ],
            [
              10.003805544544358,
              53.54802652228321
            ],
            [
              10.00384740207,
              53.54803646106196
            ],
            [
              10.003895365541922,
              53.54804917526663
            ],
            [
              10.003916677554015,
              53.548056080308456
            ],
            [
              10.003971264383283,
              53.54806344630284
            ],
            [
              10.004105775286222,
              53.548062317014875
            ],
            [
              10.004101038623071,
              53.54800902932803
            ],
            [
              10.003704983130907,
              53.547962552907094
            ]
          ]
        ],
        "type": "Polygon"
      },
      "id": "98",
      "properties": {
        "cell_id": 0,
        "idiso": 4
      },
      "type": "Feature"
    },
    {
      "geometry": {
        "coordinates": [
          [
            [
              10.003895365541924,
              53.54804917526663
            ],
            [
              10.003847402070003,
              53.54803646106196
            ],
            [
              10.003805544544361,
              53.54802652228321
            ],
            [
              10.003781490365196,
              53.54802194287067
            ],
            [
              10.003776430143816,
              53.54803715507426
            ],
            [
              10.003916677554015,
              53.548056080308456
            ],
            [
              10.003895365541924,
              53.54804917526663
            ]
          ]
        ],
        "type": "Polygon"
      },
      "id": "65",
      "properties": {
        "cell_id": 0,
        "idiso": 3
      },
      "type": "Feature"
    },
    {
      "geometry": {
        "coordinates": [
          [
            [
              10.00523464537549,
              53.5479299394196
            ],
            [
              10.00522979550248,
              53.547948027201436
            ],
            [
              10.005230332332124,
              53.547954777609185
            ],
            [
              10.005232122546238,
              53.54795717795846
            ],
            [
              10.00538441416355,
              53.548051574629405
            ],
            [
              10.005434714894943,
              53.548051151752155
            ],
            [
              10.005236884303528,
              53.54792785088715
            ],
            [
              10.00523464537549,
              53.5479299394196
            ]
          ]
        ],
        "type": "Polygon"
      },
      "id": "194",
      "properties": {
        "cell_id": 0,
        "idiso": 6
      },
      "type": "Feature"
    },
    {
      "geometry": {
        "coordinates": [
          [
            [
              10.005007751491911,
              53.548054740552494
            ],
            [
              10.005306451823309,
              53.54805223001545
            ],
            [
              10.005203958683513,
              53.547966937343155
            ],
            [
              10.00519375399867,
              53.54796326736866
            ],
            [
              10.00517104852719,
              53.54795940951441
            ],
            [
              10.005156153963028,
              53.54795886805772
            ],
            [
              10.005150110045918,
              53.54795944621727
            ],
            [
              10.005145593100984,
              53.54796069685967
            ],
            [
              10.005007751491911,
              53.548054740552494
            ]
          ]
        ],
        "type": "Polygon"
      },
      "id": "196",
      "properties": {
        "cell_id": 0,
        "idiso": 6
      },
      "type": "Feature"
    },
    {
      "geometry": {
        "coordinates": [
          [
            [
              10.005930170083857,
              53.54795288249115
            ],
            [
              10.005925899429393,
              53.547953426178644
            ],
            [
              10.005913640165222,
              53.547957546942655
            ],
            [
              10.00590064020075,
              53.547963605007745
            ],
            [
              10.00589195942844,
              53.54796907171457
            ],
            [
              10.005827271043422,
              53.54804785081331
            ],
            [
              10.00593456773862,
              53.54804694834909
            ],
            [
              10.00593235810545,
              53.547953771377
            ],
            [
              10.005930170083857,
              53.54795288249115
            ]
          ]
        ],
        "type": "Polygon"
      },
      "id": "195",
      "properties": {
        "cell_id": 0,
        "idiso": 6
      },
      "type": "Feature"
    },
    {
      "geometry": {
        "coordinates": [
          [
            [
              10.005334011200043,
              53.5480519983449
            ],
            [
              10.00535396421217,
              53.54805183061127
            ],
            [
              10.005265717083237,
              53.547995165487094
            ],
            [
              10.005334011200043,
              53.5480519983449
            ]
          ]
        ],
        "type": "Polygon"
      },
      "id": "197",
      "properties": {
        "cell_id": 0,
        "idiso": 6
      },
      "type": "Feature"
    }
  ],
  "type": "FeatureCollection"
}